"ulke","sehir","tarih","gun","h00","h01","h02","h03","h04","h05","h06","h07","h08","h09","h10","h11","h12","h13","h14","h15","h16","h17","h18","h19","h20","h21","h22","h23"
TUR,bursa,"20240818","1",11,2,0,0,0,0,0,0,0,0,0,0,2,6,10,11,15,14,18,21,26,28,26,17
TUR,bursa,"20251005","1",9,0,0,0,0,0,0,0,0,0,1,6,13,24,35,42,42,44,40,44,36,12,10,7
TUR,bursa,"20210310","4",3,2,3,2,2,0,5,14,27,28,17,16,18,20,24,28,30,44,61,61,28,7,4,6
TUR,bursa,"20210311","5",3,2,2,2,3,3,9,21,44,53,38,25,23,26,33,33,33,37,47,46,20,6,4,6
TUR,bursa,"20210312","6",3,3,3,0,0,0,5,15,34,38,24,18,18,18,31,38,41,50,67,67,44,14,4,5
TUR,bursa,"20210313","7",3,0,0,0,0,0,5,7,9,10,12,15,21,35,51,55,54,47,40,28,22,14,3,4
TUR,bursa,"20210314","1",0,0,0,0,0,0,1,1,0,0,1,3,7,13,26,29,27,18,14,16,16,9,3,4
TUR,bursa,"20210315","2",0,0,0,0,0,0,5,15,40,44,28,19,21,25,31,34,33,37,56,55,28,8,5,6
TUR,bursa,"20210316","3",4,6,5,2,1,0,8,16,38,45,31,21,19,22,28,29,32,34,48,48,27,8,4,6
TUR,bursa,"20210317","4",3,2,4,1,0,0,5,14,26,26,18,20,22,23,35,36,35,39,57,56,30,11,5,6
TUR,bursa,"20210318","5",3,2,4,1,0,0,5,14,32,35,20,16,17,19,25,28,28,37,47,44,24,15,6,7
TUR,bursa,"20210319","6",4,2,3,1,1,0,5,15,31,33,20,17,22,22,38,46,45,52,69,68,39,14,6,8
TUR,bursa,"20210320","7",4,1,0,0,0,0,4,6,7,8,9,13,21,36,55,60,58,53,46,29,22,13,3,4
TUR,bursa,"20210321","1",2,0,0,0,0,0,1,2,1,2,2,4,7,11,21,24,20,15,14,8,7,3,3,4
TUR,bursa,"20210322","2",1,0,0,0,0,0,4,17,40,43,24,19,19,23,34,36,33,61,74,67,30,9,5,7
TUR,bursa,"20210323","3",5,5,6,3,2,1,6,18,40,45,29,22,22,25,33,35,34,45,55,53,30,10,8,8
TUR,bursa,"20210324","4",4,2,3,2,1,0,5,15,23,23,18,21,18,22,34,33,31,36,47,45,21,7,5,7
TUR,bursa,"20210325","5",4,2,2,0,0,0,6,18,39,48,30,21,23,25,31,32,26,27,35,33,15,7,5,6
TUR,bursa,"20210326","6",3,1,2,2,0,0,3,14,28,31,17,15,16,16,32,35,33,41,50,49,26,11,3,6
TUR,bursa,"20210327","7",2,1,0,0,0,0,2,6,9,10,12,14,18,30,49,53,50,48,42,31,21,10,2,2
TUR,bursa,"20210328","1",1,0,0,0,0,0,0,1,0,0,1,3,7,20,37,41,38,27,21,20,20,15,2,4
TUR,bursa,"20210329","2",0,0,0,0,0,0,2,17,40,44,26,21,26,26,32,32,26,33,44,42,18,7,4,6
TUR,bursa,"20210330","3",3,3,3,0,0,0,2,14,26,29,30,29,22,26,32,30,29,35,48,47,21,6,4,6
TUR,bursa,"20210331","4",3,1,3,1,0,0,3,15,23,22,16,17,19,22,30,30,29,36,49,48,23,7,5,7
TUR,bursa,"20210401","5",3,1,2,1,0,0,6,25,34,34,22,17,21,25,31,31,30,35,47,46,22,7,5,7
TUR,bursa,"20210402","6",3,3,2,0,0,0,4,20,29,30,19,19,21,22,41,47,56,72,91,91,70,41,3,5
TUR,bursa,"20210403","7",1,0,0,0,0,0,5,8,3,6,6,6,5,7,10,11,10,9,3,1,1,0,3,4
TUR,bursa,"20210404","1",0,0,0,0,0,0,0,0,0,0,0,0,5,5,2,2,2,2,0,0,0,0,2,3
TUR,bursa,"20210405","2",0,0,0,0,1,1,10,37,58,59,44,34,35,37,44,44,43,54,75,74,44,12,6,7
TUR,bursa,"20210406","3",4,3,2,2,1,0,6,25,36,36,24,22,22,25,31,33,35,44,60,60,33,15,5,6
TUR,bursa,"20210407","4",1,1,2,1,0,0,6,22,30,30,23,23,22,24,32,36,35,48,72,73,46,23,5,6
TUR,bursa,"20210408","5",2,1,1,1,0,0,4,19,36,39,31,25,25,29,36,38,36,42,62,63,40,15,6,8
TUR,bursa,"20210409","6",4,2,2,1,1,1,4,19,25,24,17,21,19,19,46,56,56,64,82,89,61,26,3,6
TUR,bursa,"20210410","7",2,0,0,0,0,0,3,7,3,5,6,6,6,7,10,12,13,12,4,2,1,0,2,3
TUR,bursa,"20210411","1",0,0,0,0,0,0,0,0,0,0,0,1,0,1,2,2,3,2,0,0,0,0,1,3
TUR,bursa,"20210412","2",0,0,0,0,1,0,4,20,34,34,29,30,34,39,49,51,53,65,93,97,64,28,5,6
TUR,bursa,"20210413","3",2,1,2,0,0,0,4,15,23,23,17,23,24,21,25,27,29,36,52,50,9,3,5,6
TUR,bursa,"20210414","4",5,4,3,2,2,0,5,14,16,16,15,16,18,21,26,27,29,44,67,58,2,3,6,7
TUR,bursa,"20210415","5",2,1,1,0,0,0,6,14,15,18,19,16,17,20,27,29,35,41,63,54,2,3,6,7
TUR,bursa,"20210416","6",3,4,3,0,0,0,7,14,14,18,18,18,18,18,37,43,53,61,79,68,3,2,4,6
TUR,bursa,"20210417","7",3,3,0,0,1,1,6,7,3,8,8,8,7,6,10,11,12,11,4,2,0,0,3,4
TUR,bursa,"20210418","1",1,0,0,0,0,0,1,1,0,1,1,0,0,2,3,5,5,4,1,0,0,0,3,4
TUR,bursa,"20210419","2",2,3,3,2,0,0,6,15,17,22,26,25,26,33,41,52,60,62,86,78,8,3,5,6
TUR,bursa,"20210420","3",3,5,4,1,1,0,5,12,14,17,20,19,18,20,32,38,41,47,62,54,2,2,5,6
TUR,bursa,"20210421","4",3,3,2,0,0,0,4,12,14,16,17,17,18,25,31,36,43,53,72,64,6,4,7,8
TUR,bursa,"20210422","5",3,2,1,0,0,0,7,16,18,20,20,22,23,32,48,57,67,77,97,93,19,4,5,5
TUR,bursa,"20210423","6",1,0,0,0,0,0,3,4,2,5,8,7,6,6,9,10,9,7,4,1,0,0,3,3
TUR,bursa,"20210424","7",0,0,0,0,0,0,2,4,1,6,6,7,8,10,13,12,9,7,4,0,0,0,2,3
TUR,bursa,"20210425","1",1,0,0,0,0,0,1,2,1,2,2,2,2,3,4,5,5,5,1,0,0,1,3,4
TUR,bursa,"20210426","2",1,0,1,0,0,0,8,18,27,34,35,36,37,36,49,58,68,84,108,105,34,16,7,6
TUR,bursa,"20210427","3",2,3,3,0,0,0,7,15,25,31,37,39,40,44,60,71,77,87,103,100,31,13,8,7
TUR,bursa,"20210428","4",5,3,2,1,1,1,7,19,30,47,49,51,56,59,71,73,82,99,113,104,33,6,9,9
TUR,bursa,"20210429","5",5,2,2,1,2,2,9,26,34,41,44,46,50,51,59,63,65,62,69,61,7,10,12,9
TUR,bursa,"20210430","6",7,3,1,0,2,1,5,16,14,17,16,17,22,18,20,29,27,27,32,25,2,3,7,6
TUR,bursa,"20210501","7",3,1,0,0,0,0,3,4,5,7,7,7,7,6,8,10,9,8,4,2,0,1,2,1
TUR,bursa,"20210502","1",0,0,0,0,0,0,0,1,1,3,2,3,3,6,4,7,4,3,2,1,0,2,4,6
TUR,bursa,"20210503","2",2,2,4,3,0,1,6,11,14,15,18,16,14,16,19,23,21,20,23,15,1,4,7,8
TUR,bursa,"20210504","3",6,4,4,1,1,1,6,12,12,20,21,15,16,16,21,22,22,22,26,18,2,4,6,7
TUR,bursa,"20210505","4",4,5,3,1,3,4,5,13,12,22,22,17,17,15,19,20,20,20,25,21,4,3,6,8
TUR,bursa,"20210506","5",5,4,4,2,2,3,7,12,12,16,16,15,14,13,16,19,20,19,18,13,1,3,5,6
TUR,bursa,"20210507","6",4,2,1,0,0,0,4,11,11,12,13,14,14,12,19,21,19,18,19,14,2,2,5,7
TUR,bursa,"20210508","7",3,1,0,0,0,0,4,6,4,7,8,8,9,10,15,17,18,17,8,4,0,1,3,4
TUR,bursa,"20210509","1",1,0,0,0,0,0,1,1,0,2,0,1,2,1,4,6,6,4,3,1,0,0,2,4
TUR,bursa,"20210510","2",0,0,0,0,0,0,4,8,7,9,10,12,13,12,17,17,17,16,16,11,1,0,3,4
TUR,bursa,"20210511","3",2,1,0,0,0,0,4,8,7,9,9,11,11,10,17,18,17,17,16,11,1,0,2,3
TUR,bursa,"20210512","4",1,0,0,0,0,0,0,2,2,3,6,7,9,11,14,14,12,11,7,4,0,0,2,2
TUR,bursa,"20210513","5",0,0,0,0,0,0,0,0,0,0,0,0,0,0,0,0,0,0,0,0,0,0,0,0
TUR,bursa,"20210514","6",0,0,0,0,0,0,0,0,0,0,0,0,0,0,4,4,4,3,2,1,0,0,0,0
TUR,bursa,"20210515","7",0,0,0,0,0,0,0,0,0,0,0,0,1,1,4,5,5,4,1,0,0,0,0,0
TUR,bursa,"20210516","1",0,0,0,0,0,0,0,0,0,0,0,0,0,0,2,3,4,2,0,0,0,0,1,3
TUR,bursa,"20210517","2",0,0,0,0,0,0,3,19,31,35,40,36,37,34,47,52,52,51,0,0,0,0,0,0
TUR,bursa,"20210603","5",0,0,0,0,0,0,0,0,0,0,22,19,19,21,30,33,37,37,56,58,25,9,8,5
TUR,bursa,"20210604","6",2,0,0,0,0,0,3,17,24,26,24,19,20,19,32,37,43,42,62,64,33,12,11,5
TUR,bursa,"20210605","7",1,0,0,0,0,0,2,9,9,11,14,18,26,40,55,62,63,57,48,38,21,24,24,4
TUR,bursa,"20210606","1",0,0,0,0,0,0,0,1,0,0,0,0,0,1,2,3,2,1,0,0,0,0,2,3
TUR,bursa,"20210607","2",0,0,0,0,0,0,4,18,36,44,36,26,24,25,33,35,42,42,55,55,23,9,7,2
TUR,bursa,"20210608","3",0,0,0,0,0,0,5,17,29,32,25,17,18,19,26,28,32,32,47,45,16,9,7,3
TUR,bursa,"20210609","4",0,0,0,0,0,0,3,19,26,26,22,18,17,19,28,30,35,34,53,53,23,11,10,4
TUR,bursa,"20210610","5",0,0,0,0,0,0,3,21,32,34,26,19,16,18,25,28,32,33,52,52,22,12,11,5
TUR,bursa,"20210611","6",0,0,0,0,0,0,1,17,33,34,25,19,18,17,28,34,42,44,62,64,32,15,13,3
TUR,bursa,"20210612","7",0,0,0,0,0,0,1,7,8,10,13,15,23,33,47,51,50,49,41,34,24,24,23,2
TUR,bursa,"20210613","1",0,0,0,0,0,0,0,0,0,0,0,0,0,0,0,1,0,0,0,0,0,0,7,7
TUR,bursa,"20210614","2",2,0,0,0,0,0,3,21,54,64,57,36,30,31,37,36,41,40,51,51,21,8,5,3
TUR,bursa,"20210615","3",0,0,0,0,0,0,1,13,24,27,23,18,18,20,29,31,35,36,54,54,21,11,8,3
TUR,bursa,"20210616","4",0,0,0,0,0,0,2,19,28,28,23,19,23,28,35,36,33,32,49,48,15,9,6,3
TUR,bursa,"20210617","5",0,0,0,0,0,0,2,12,19,24,25,17,17,18,29,30,34,33,49,49,21,11,9,4
TUR,bursa,"20210618","6",0,0,0,0,0,0,2,13,24,25,20,16,19,18,31,36,40,39,60,59,31,14,13,4
TUR,bursa,"20210619","7",0,0,0,0,0,0,1,6,7,8,10,14,22,32,46,57,56,54,47,36,19,26,27,3
TUR,bursa,"20210620","1",0,0,0,0,0,0,0,0,0,0,0,0,0,0,1,2,1,0,0,0,1,1,0,1
TUR,bursa,"20210621","2",0,0,0,0,0,0,6,24,49,57,48,27,22,25,34,35,36,35,48,49,19,9,7,2
TUR,bursa,"20210622","3",0,0,0,0,0,0,2,14,23,25,20,17,20,23,28,30,35,36,54,55,24,12,11,4
TUR,bursa,"20210623","4",0,0,0,0,0,0,1,15,25,26,21,17,16,18,27,34,36,34,49,50,19,11,9,4
TUR,bursa,"20210624","5",0,0,0,0,0,0,1,13,23,23,17,16,16,18,24,27,32,33,50,51,24,14,12,5
TUR,bursa,"20210625","6",0,0,0,0,0,0,1,14,22,22,19,17,18,17,29,33,37,39,54,55,27,13,13,4
TUR,bursa,"20210626","7",0,0,0,0,0,0,0,7,14,24,19,14,32,57,51,44,39,39,36,33,18,23,24,5
TUR,bursa,"20210627","1",0,0,0,0,0,0,0,0,0,0,0,0,0,2,1,0,0,0,0,0,0,0,0,2
TUR,bursa,"20210628","2",0,0,0,0,0,0,1,17,32,33,25,22,22,23,30,31,36,37,57,58,31,12,10,4
TUR,bursa,"20210629","3",0,0,0,0,0,0,1,14,25,26,21,17,18,18,26,27,36,39,58,58,30,13,12,5
TUR,bursa,"20210630","4",1,0,0,0,0,0,1,15,24,25,19,17,18,18,26,26,32,32,53,54,26,13,12,5
TUR,bursa,"20210701","5",0,0,0,0,0,0,1,16,29,29,17,16,17,20,27,27,25,29,52,53,33,15,13,11
TUR,bursa,"20210702","6",5,0,0,0,0,0,0,17,28,27,16,17,17,16,27,33,32,34,56,59,40,23,11,11
TUR,bursa,"20210703","7",5,0,0,0,0,0,0,6,9,18,17,15,17,25,36,44,43,41,33,30,22,13,12,10
TUR,bursa,"20210704","1",6,0,0,0,0,0,0,0,0,0,0,2,5,9,16,19,20,17,11,11,11,13,14,12
TUR,bursa,"20210705","2",4,0,0,0,0,0,1,17,29,26,16,17,17,18,28,30,30,33,59,62,31,10,8,6
TUR,bursa,"20210706","3",2,0,0,0,0,0,1,14,31,37,31,24,21,27,31,30,32,33,49,51,29,13,10,8
TUR,bursa,"20210707","4",2,0,0,0,0,0,1,13,18,17,13,15,17,18,29,32,29,30,48,51,28,12,8,8
TUR,bursa,"20210708","5",2,0,0,0,0,0,1,17,22,21,15,18,18,22,28,31,29,35,56,57,34,11,9,7
TUR,bursa,"20210709","6",2,0,0,0,0,0,0,15,22,21,15,17,19,18,28,35,36,37,57,61,40,19,12,11
TUR,bursa,"20210710","7",5,0,0,0,0,0,0,8,8,8,11,11,17,25,33,38,38,36,28,28,25,19,14,13
TUR,bursa,"20210711","1",12,3,0,0,0,0,0,0,0,0,0,2,6,13,13,14,13,12,12,13,13,16,16,12
TUR,bursa,"20210712","2",4,0,0,0,0,0,0,15,24,23,16,17,18,19,29,30,28,33,57,58,30,11,9,7
TUR,bursa,"20210713","3",3,0,0,0,0,0,1,15,22,20,18,18,19,19,25,27,26,30,50,51,30,13,11,8
TUR,bursa,"20210714","4",3,0,0,0,0,0,0,16,22,22,21,23,21,20,29,31,31,34,55,58,39,20,11,9
TUR,bursa,"20210715","5",5,0,0,0,0,0,0,5,6,11,11,11,14,16,24,26,27,24,27,29,25,18,16,12
TUR,bursa,"20210716","6",5,0,0,0,0,0,0,10,15,16,17,19,20,18,30,38,38,34,48,50,34,18,13,9
TUR,bursa,"20210717","7",6,0,0,0,0,0,0,3,5,7,10,12,15,18,24,27,26,26,21,21,17,14,14,9
TUR,bursa,"20210718","1",5,0,0,0,0,0,0,0,0,0,0,1,5,6,10,15,14,9,9,10,10,12,12,8
TUR,bursa,"20210719","2",2,0,0,0,0,0,0,0,0,4,7,11,16,18,21,20,18,17,14,14,11,9,8,6
TUR,bursa,"20210720","3",2,0,0,0,0,0,0,0,0,0,2,0,0,1,3,4,4,4,5,5,5,10,9,9
TUR,bursa,"20210721","4",3,0,0,0,0,0,0,0,0,0,0,0,2,5,10,12,11,10,8,8,7,9,7,3
TUR,bursa,"20210722","5",1,0,0,0,0,0,0,0,0,0,0,0,2,4,9,11,11,10,10,10,8,10,8,5
TUR,bursa,"20210723","6",2,0,0,0,0,0,0,0,0,0,0,1,4,5,12,19,17,12,11,11,10,9,7,4
TUR,bursa,"20210724","7",1,0,0,0,0,0,0,0,0,0,0,3,6,8,14,16,16,12,12,12,9,9,6,4
TUR,bursa,"20210725","1",2,0,0,0,0,0,0,0,0,0,0,0,1,2,6,8,8,7,7,8,8,9,7,5
TUR,bursa,"20210726","2",1,0,0,0,0,0,0,13,20,19,12,16,17,20,29,30,29,29,49,52,26,10,6,5
TUR,bursa,"20210727","3",2,0,0,0,0,0,1,12,23,23,18,17,17,18,24,26,24,26,44,45,27,14,8,7
TUR,bursa,"20210728","4",4,0,0,0,0,0,1,12,17,17,16,20,17,16,23,26,24,27,49,51,26,15,8,8
TUR,bursa,"20210729","5",4,0,0,0,0,0,1,15,21,18,12,14,14,16,22,24,22,23,43,44,28,15,8,8
TUR,bursa,"20210730","6",5,0,0,0,0,0,0,12,18,17,13,15,15,12,22,29,29,31,53,54,32,21,9,9
TUR,bursa,"20210731","7",6,0,0,0,0,0,0,4,6,7,8,10,14,19,22,26,26,25,23,22,20,20,14,11
TUR,bursa,"20210801","1",8,2,0,0,0,0,0,0,0,0,0,0,6,7,8,8,11,12,10,13,13,15,13,12
TUR,bursa,"20210802","2",10,0,0,0,0,0,1,15,27,27,17,15,16,16,23,28,27,32,61,67,40,16,7,7
TUR,bursa,"20210803","3",3,0,0,0,0,0,0,12,23,24,25,23,14,14,21,23,22,26,46,48,26,13,7,7
TUR,bursa,"20210804","4",3,0,0,0,0,0,0,11,21,19,13,13,15,14,20,22,22,27,48,50,28,15,8,8
TUR,bursa,"20210805","5",4,0,0,0,0,0,0,11,20,19,12,13,13,14,21,22,21,28,48,49,30,18,9,10
TUR,bursa,"20210806","6",6,0,0,0,0,0,0,12,18,16,12,13,13,12,23,32,31,34,61,65,43,21,9,9
TUR,bursa,"20210807","7",5,0,0,0,0,0,0,4,6,6,8,10,13,21,30,34,36,35,30,26,23,21,13,10
TUR,bursa,"20210808","1",7,1,0,0,0,0,0,0,0,0,0,1,3,6,11,13,13,13,12,13,12,13,14,13
TUR,bursa,"20210809","2",6,0,0,0,0,0,0,13,24,24,16,16,16,17,27,30,29,34,56,57,33,14,9,7
TUR,bursa,"20210810","3",3,0,0,0,0,0,0,14,22,22,17,15,16,17,25,28,28,30,49,49,30,15,8,8
TUR,bursa,"20210811","4",3,0,0,0,0,0,0,13,19,19,14,16,15,16,19,0,0,0,0,0,0,0,0,0
TUR,bursa,"20210908","4",0,0,0,0,0,0,0,0,43,47,19,13,14,17,26,28,30,37,52,52,37,23,6,6
TUR,bursa,"20210909","5",2,0,0,0,0,0,5,25,47,51,21,16,14,17,24,28,34,46,60,59,36,18,7,6
TUR,bursa,"20210910","6",3,1,0,0,0,0,1,17,43,49,26,15,17,17,26,32,35,43,58,59,43,23,7,8
TUR,bursa,"20210911","7",4,0,0,0,0,0,0,6,7,7,10,11,18,27,37,41,39,38,34,31,31,20,9,9
TUR,bursa,"20210912","1",6,4,0,0,0,0,0,0,0,0,0,2,7,9,17,20,20,17,14,20,21,13,8,7
TUR,bursa,"20210913","2",1,0,0,0,0,0,1,18,40,41,17,13,15,17,25,28,31,38,55,55,33,11,5,5
TUR,bursa,"20210914","3",1,0,0,0,0,0,2,19,40,44,21,15,14,16,23,26,28,35,49,50,33,12,6,6
TUR,bursa,"20210915","4",2,0,0,0,0,0,2,18,36,38,17,14,15,17,24,27,31,38,55,56,35,15,7,6
TUR,bursa,"20210916","5",1,0,0,0,0,0,2,18,33,35,16,16,13,16,23,27,28,36,51,0,0,0,0,0
TUR,bursa,"20211007","5",0,0,0,0,0,0,0,0,0,0,0,17,14,17,22,30,32,37,59,62,35,9,5,5
TUR,bursa,"20211008","6",0,0,0,0,0,0,3,20,34,35,16,14,14,14,25,29,33,40,61,66,43,19,5,5
TUR,bursa,"20211009","7",1,0,0,0,0,0,3,8,8,9,10,11,21,31,45,52,46,44,41,43,39,21,9,6
TUR,bursa,"20211010","1",4,0,0,0,0,0,0,0,0,0,0,1,5,11,19,21,20,17,20,23,20,8,5,4
TUR,bursa,"20211011","2",0,0,0,0,0,0,3,19,34,36,16,13,13,18,24,28,27,35,56,57,27,6,3,3
TUR,bursa,"20211012","3",0,0,0,0,0,0,2,18,33,35,17,12,13,22,40,41,32,37,62,61,27,11,10,9
TUR,bursa,"20211013","4",2,0,0,0,0,0,4,18,39,46,31,21,22,23,23,25,24,33,49,50,24,6,3,3
TUR,bursa,"20211014","5",0,0,0,0,0,0,2,17,32,35,18,12,12,0,0,0,0,0,0,0,0,0,0,0
TUR,bursa,"20211018","2",0,0,0,0,0,0,0,0,0,0,20,13,14,18,24,27,29,39,63,63,30,6,4,3
TUR,bursa,"20211019","3",0,0,0,0,0,0,3,17,32,35,20,13,15,17,22,25,26,35,58,62,32,7,4,3
TUR,bursa,"20211020","4",0,0,0,0,0,0,2,19,37,42,22,14,15,18,24,28,36,49,70,73,39,9,4,4
TUR,bursa,"20211021","5",0,0,0,0,0,0,2,17,33,36,18,13,14,17,22,24,27,39,61,66,34,7,2,0
TUR,bursa,"20211022","6",0,0,0,0,0,0,0,16,39,43,20,13,14,15,27,30,34,46,66,72,48,16,4,4
TUR,bursa,"20211023","7",1,0,0,0,0,0,2,6,8,9,9,11,17,32,43,45,43,41,43,44,31,12,6,5
TUR,bursa,"20211024","1",2,0,0,0,0,0,0,0,0,0,0,1,5,19,24,24,22,20,21,22,13,5,5,3
TUR,bursa,"20211025","2",0,0,0,0,0,0,3,18,37,39,24,15,16,20,26,29,32,41,65,69,37,7,3,3
TUR,bursa,"20211026","3",0,0,0,0,0,0,2,19,35,37,20,14,15,17,23,26,30,40,62,64,31,7,3,3
TUR,bursa,"20211027","4",0,0,0,0,0,0,2,17,36,41,21,14,15,18,25,29,33,44,68,71,38,9,3,3
TUR,bursa,"20211028","5",0,0,0,0,0,0,1,15,28,30,15,16,28,55,56,44,34,34,53,53,31,7,3,2
TUR,bursa,"20211029","6",0,0,0,0,0,0,0,2,4,6,8,12,18,17,32,34,30,29,42,48,42,21,8,7
TUR,bursa,"20211030","7",1,0,0,0,0,0,0,2,4,5,6,9,14,25,40,39,38,35,36,36,22,7,4,2
TUR,bursa,"20211031","1",0,0,0,0,0,0,0,0,0,0,0,1,5,8,17,18,16,18,24,24,20,17,6,4
TUR,bursa,"20211101","2",1,0,0,0,0,0,6,25,47,51,27,16,14,17,24,27,29,34,54,53,21,4,3,2
TUR,bursa,"20211102","3",0,0,0,0,0,0,3,18,33,36,18,15,13,17,21,25,28,40,82,86,53,13,5,5
TUR,bursa,"20211103","4",1,0,0,0,0,0,3,21,37,40,17,12,13,16,21,22,25,33,56,57,24,6,3,3
TUR,bursa,"20211104","5",0,0,0,0,0,0,2,18,31,34,17,14,14,18,22,23,26,35,58,59,27,7,3,4
TUR,bursa,"20211105","6",0,0,0,0,0,0,2,19,32,35,18,13,13,13,24,28,34,47,76,79,50,12,4,5
TUR,bursa,"20211106","7",2,0,0,0,0,0,1,7,9,10,9,11,16,30,39,41,38,41,48,46,26,8,6,6
TUR,bursa,"20211107","1",2,0,0,0,0,0,0,0,0,0,0,1,3,9,16,19,16,16,21,21,10,4,2,2
TUR,bursa,"20211108","2",0,0,0,0,0,0,2,19,34,35,15,13,13,17,22,24,28,38,62,61,24,4,2,3
TUR,bursa,"20211109","3",0,0,0,0,0,0,2,18,31,32,14,12,12,17,21,24,27,36,63,63,25,6,11,12
TUR,bursa,"20211110","4",7,1,0,0,0,0,4,22,43,44,21,14,15,19,22,24,28,39,62,63,26,6,3,4
TUR,bursa,"20211111","5",0,0,0,0,0,0,2,23,38,40,18,13,14,18,23,26,30,40,63,62,25,7,5,5
TUR,bursa,"20211112","6",0,0,0,0,0,0,3,19,30,32,16,13,13,15,25,32,35,45,71,74,48,11,4,5
TUR,bursa,"20211113","7",0,0,0,0,0,0,1,8,10,11,9,12,17,29,38,42,45,44,44,41,24,9,5,4
TUR,bursa,"20211114","1",1,0,0,0,0,0,0,0,0,0,0,4,7,12,20,24,25,25,24,20,10,3,3,3
TUR,bursa,"20211115","2",0,0,0,0,0,0,2,16,19,17,14,15,16,20,31,32,33,40,64,63,26,5,3,4
TUR,bursa,"20211116","3",0,0,0,0,0,0,2,16,19,19,14,15,16,19,30,33,30,36,60,59,24,6,3,3
TUR,bursa,"20211117","4",0,0,0,0,0,0,2,14,16,15,12,13,15,20,27,29,30,40,71,72,34,6,4,4
TUR,bursa,"20211118","5",1,0,0,0,0,0,2,17,26,26,21,17,15,20,27,30,29,36,62,63,25,6,5,6
TUR,bursa,"20211119","6",5,1,0,0,0,0,5,19,20,18,14,14,15,14,31,37,37,50,82,84,46,12,5,6
TUR,bursa,"20211120","7",2,0,0,0,0,0,2,8,6,7,8,11,17,28,43,48,46,46,45,41,22,7,5,5
TUR,bursa,"20211121","1",1,0,0,0,0,0,0,0,0,0,0,0,8,14,22,24,23,22,26,23,8,2,3,2
TUR,bursa,"20211122","2",0,0,0,0,0,0,3,20,36,39,18,15,16,19,24,27,34,41,67,68,28,4,2,3
TUR,bursa,"20211123","3",0,0,0,0,0,0,2,18,29,33,23,16,16,20,27,42,48,65,94,96,52,15,8,9
TUR,bursa,"20211124","4",5,2,0,0,0,0,6,26,39,42,26,18,19,22,29,32,34,42,61,62,33,8,5,5
TUR,bursa,"20211125","5",0,0,0,0,0,0,3,18,28,31,18,15,13,17,24,26,29,37,57,56,22,5,3,4
TUR,bursa,"20211126","6",0,0,0,0,0,0,2,19,29,32,19,13,13,13,25,31,49,55,68,67,31,9,5,7
TUR,bursa,"20211127","7",3,2,0,0,0,0,4,11,15,20,12,13,20,38,41,50,48,43,42,35,21,8,6,5
TUR,bursa,"20211128","1",2,0,0,0,0,0,0,1,0,0,0,0,5,9,14,18,17,17,18,17,9,3,4,4
TUR,bursa,"20211129","2",0,0,0,0,0,0,3,20,33,35,19,17,15,16,23,27,28,55,74,69,26,6,5,6
TUR,bursa,"20211130","3",2,0,0,0,0,0,4,15,23,25,22,17,12,14,23,24,24,28,63,63,27,6,6,6
TUR,bursa,"20211201","4",2,1,0,0,0,0,4,19,30,32,18,13,14,18,25,28,30,41,64,63,26,6,3,3
TUR,bursa,"20211202","5",0,0,0,0,0,0,2,18,31,34,21,14,14,16,22,27,29,39,63,63,26,6,4,4
TUR,bursa,"20211203","6",1,0,0,0,0,0,3,24,33,36,19,13,15,14,25,29,35,47,70,71,39,11,8,9
TUR,bursa,"20211204","7",5,0,0,0,0,0,3,10,8,9,8,11,17,30,44,48,47,42,40,35,19,6,6,5
TUR,bursa,"20211205","1",4,0,0,0,0,0,0,0,0,0,0,0,3,10,23,26,23,21,21,18,7,2,4,4
TUR,bursa,"20211206","2",0,0,0,0,0,0,3,19,35,39,20,14,14,17,25,27,33,44,66,64,23,5,3,4
TUR,bursa,"20211207","3",0,0,0,0,0,0,2,20,30,33,18,17,14,21,26,35,48,53,63,60,23,6,4,4
TUR,bursa,"20211208","4",1,0,0,0,0,0,3,18,26,29,15,15,15,17,29,33,32,39,62,61,25,10,7,7
TUR,bursa,"20211209","5",2,0,0,0,0,0,4,19,29,32,16,12,13,17,23,26,31,39,60,60,23,6,3,4
TUR,bursa,"20211210","6",1,0,0,0,0,0,4,24,31,33,17,12,14,13,27,31,33,45,70,73,35,10,14,11
TUR,bursa,"20211211","7",6,0,0,0,0,0,2,8,7,7,8,11,17,33,48,50,45,42,43,36,17,9,7,6
TUR,bursa,"20211212","1",3,1,0,0,0,0,0,0,0,0,0,1,5,10,21,25,24,26,28,25,14,8,7,7
TUR,bursa,"20211213","2",2,0,0,0,0,0,6,27,50,54,31,20,16,19,27,30,28,38,58,55,19,4,2,4
TUR,bursa,"20211214","3",0,0,0,0,0,0,3,19,29,33,19,13,15,16,23,25,28,37,53,51,19,11,8,9
TUR,bursa,"20211215","4",3,0,0,0,0,0,6,23,35,38,21,16,18,22,30,34,38,52,77,77,41,13,7,8
TUR,bursa,"20211216","5",3,0,0,0,0,0,6,22,40,46,37,22,18,21,28,32,37,51,68,66,31,11,9,9
TUR,bursa,"20211217","6",4,0,0,0,0,0,5,22,34,37,19,14,15,16,31,41,46,57,83,84,48,19,7,8
TUR,bursa,"20211218","7",5,0,0,0,0,0,4,12,12,14,11,15,22,38,53,55,54,54,45,41,22,8,5,6
TUR,bursa,"20211219","1",3,0,0,0,0,0,0,0,0,0,0,0,6,11,24,30,29,26,26,23,9,2,3,3
TUR,bursa,"20211220","2",0,0,0,0,0,0,3,16,26,29,15,13,13,18,26,32,31,37,52,51,18,5,8,11
TUR,bursa,"20211221","3",5,0,0,0,0,0,5,19,28,32,18,14,13,17,23,26,27,34,54,54,20,4,3,4
TUR,bursa,"20211222","4",0,0,0,0,0,0,0,15,24,27,18,12,12,17,22,24,28,35,53,52,18,4,3,4
TUR,bursa,"20211223","5",0,0,0,0,0,0,5,24,34,38,19,14,12,15,21,22,25,32,49,48,18,4,3,4
TUR,bursa,"20211224","6",0,0,0,0,0,0,3,16,24,25,13,12,12,11,25,30,34,40,60,61,29,6,3,4
TUR,bursa,"20211225","7",1,0,0,0,0,0,2,7,7,9,8,10,15,29,41,44,41,39,40,34,17,7,5,5
TUR,bursa,"20211226","1",3,0,0,0,0,0,0,0,0,0,0,1,7,14,23,26,25,24,23,20,8,2,4,3
TUR,bursa,"20211227","2",0,0,0,0,0,0,2,17,26,27,13,12,14,17,25,27,28,36,50,48,18,10,3,4
TUR,bursa,"20211228","3",0,0,0,0,0,0,2,17,26,27,15,13,13,15,22,24,27,34,53,53,20,4,3,4
TUR,bursa,"20211229","4",0,0,0,0,0,0,2,18,32,36,20,12,13,18,25,28,30,46,67,64,26,6,3,3
TUR,bursa,"20211230","5",0,0,0,0,0,0,2,16,23,24,12,12,12,17,26,30,32,38,56,55,26,6,3,3
TUR,bursa,"20211231","6",0,0,0,0,0,0,1,15,19,20,11,11,13,14,28,36,46,57,65,64,34,10,3,2
TUR,bursa,"20220101","7",1,0,0,0,0,0,0,0,0,0,0,0,2,9,24,28,26,24,22,20,10,6,3,2
TUR,bursa,"20220102","1",0,0,0,0,0,0,0,0,1,0,0,0,4,11,16,17,16,14,12,11,5,1,2,2
TUR,bursa,"20220103","2",0,0,0,0,0,0,2,17,27,29,13,10,11,14,19,21,23,28,46,44,15,2,2,2
TUR,bursa,"20220104","3",0,0,0,0,0,0,1,15,21,22,11,9,11,13,19,20,22,26,42,41,15,4,3,2
TUR,bursa,"20220105","4",0,0,0,0,0,0,2,17,21,23,12,11,12,14,20,21,24,33,51,51,20,5,3,3
TUR,bursa,"20220106","5",0,0,0,0,0,0,2,15,22,25,13,10,11,14,20,22,29,38,55,55,21,5,4,4
TUR,bursa,"20220107","6",0,0,0,0,0,0,2,20,27,29,15,12,10,12,22,26,29,36,53,53,21,5,6,4
TUR,bursa,"20220108","7",2,0,0,0,0,0,3,9,12,15,11,11,16,33,37,42,37,32,28,24,12,5,9,8
TUR,bursa,"20220109","1",4,0,0,0,0,0,0,0,0,0,0,0,3,8,16,25,21,16,17,14,6,1,2,3
TUR,bursa,"20220110","2",0,0,0,0,0,0,4,17,27,29,16,11,12,16,20,22,24,30,46,45,13,3,3,2
TUR,bursa,"20220111","3",0,0,0,0,0,0,5,21,31,34,23,16,12,14,20,22,22,27,43,42,17,6,6,7
TUR,bursa,"20220112","4",4,1,0,0,0,0,6,21,34,38,24,14,15,17,22,23,24,35,46,44,15,3,3,3
TUR,bursa,"20220113","5",1,0,0,0,0,0,4,14,22,25,12,9,10,13,16,18,18,23,37,36,12,3,2,3
TUR,bursa,"20220114","6",0,0,0,0,0,0,2,13,19,22,11,9,10,11,22,26,27,34,48,50,21,5,3,3
TUR,bursa,"20220115","7",0,0,0,0,0,0,2,6,5,6,6,8,13,20,27,32,30,29,25,24,16,5,4,3
TUR,bursa,"20220116","1",1,0,0,0,0,0,0,3,1,0,0,1,4,9,18,18,17,16,14,12,5,1,2,2
TUR,bursa,"20220117","2",0,0,0,0,0,0,3,16,26,29,16,12,12,14,20,24,27,30,44,43,14,3,2,3
TUR,bursa,"20220118","3",0,0,0,0,0,0,6,18,33,37,21,15,14,17,19,20,20,34,45,44,15,4,4,4
TUR,bursa,"20220119","4",0,3,1,0,0,0,11,18,28,29,14,11,12,13,18,20,19,24,38,39,14,5,5,6
TUR,bursa,"20220120","5",3,0,0,0,0,0,7,17,24,27,16,12,13,15,20,23,23,28,41,42,17,5,3,5
TUR,bursa,"20220121","6",0,0,0,0,0,0,4,15,20,23,14,13,15,15,27,39,41,53,76,78,46,17,14,12
TUR,bursa,"20220122","7",6,0,0,0,0,0,11,13,15,18,18,23,31,32,27,22,20,19,18,18,13,17,19,14
TUR,bursa,"20220123","1",10,10,7,0,0,0,15,27,23,22,24,18,12,13,12,21,31,21,12,11,8,10,12,13
TUR,bursa,"20220124","2",11,10,3,0,0,0,14,23,24,21,16,13,13,14,19,21,18,24,49,46,19,7,7,7
TUR,bursa,"20220125","3",5,1,0,2,2,0,13,21,22,20,14,13,11,13,17,18,16,16,23,22,9,4,2,3
TUR,bursa,"20220126","4",0,0,0,0,0,0,5,11,11,10,8,10,11,14,20,21,19,18,28,29,12,4,5,6
TUR,bursa,"20220127","5",1,0,0,0,0,0,6,14,16,14,9,10,10,13,20,23,22,23,36,37,16,7,5,6
TUR,bursa,"20220128","6",2,0,0,0,0,0,6,13,16,14,11,12,11,12,26,32,29,31,48,51,32,14,5,5
TUR,bursa,"20220129","7",1,0,0,0,0,0,4,7,5,5,5,7,12,19,33,36,34,33,29,27,20,7,6,6
TUR,bursa,"20220130","1",2,0,0,0,0,0,0,1,0,0,0,0,3,6,16,21,21,19,16,11,7,2,2,3
TUR,bursa,"20220131","2",0,0,0,0,0,0,5,16,18,16,11,13,14,16,25,29,27,31,47,48,25,5,4,4
TUR,bursa,"20220201","3",0,0,0,0,0,0,3,12,12,11,12,13,13,22,27,27,24,25,46,48,25,7,5,7
TUR,bursa,"20220202","4",4,0,0,0,0,0,3,12,12,11,11,12,13,16,29,31,28,34,58,56,32,9,7,9
TUR,bursa,"20220203","5",6,0,0,0,0,0,5,16,20,19,15,16,17,19,27,28,25,31,52,50,23,9,7,8
TUR,bursa,"20220204","6",3,0,0,0,0,0,3,13,12,10,9,10,12,12,25,29,26,27,43,43,24,8,5,5
TUR,bursa,"20220205","7",1,0,0,0,0,0,1,7,5,5,7,9,14,22,34,40,39,36,33,33,27,10,5,5
TUR,bursa,"20220206","1",2,0,0,0,0,0,0,0,0,0,0,0,2,7,18,23,23,20,16,14,11,4,2,3
TUR,bursa,"20220207","2",0,0,0,0,0,0,2,13,23,26,15,12,12,16,25,26,26,36,45,43,18,6,4,5
TUR,bursa,"20220208","3",1,0,0,0,0,0,5,22,31,34,20,16,15,20,27,29,29,38,52,53,28,9,7,8
TUR,bursa,"20220209","4",3,1,0,0,0,0,5,19,25,27,14,10,10,14,18,20,19,25,38,38,15,5,3,4
TUR,bursa,"20220210","5",0,0,0,0,0,0,2,13,20,23,15,12,12,15,20,22,23,30,41,41,19,6,3,5
TUR,bursa,"20220211","6",0,0,0,0,0,0,2,14,21,25,14,10,12,12,22,27,28,36,51,54,30,9,5,5
TUR,bursa,"20220212","7",1,0,0,0,0,0,2,7,6,7,7,9,15,25,36,42,40,38,39,36,28,9,6,5
TUR,bursa,"20220213","1",3,0,0,0,0,0,0,0,0,0,0,0,3,7,16,21,21,19,13,10,8,2,3,3
TUR,bursa,"20220214","2",0,0,0,0,0,0,3,16,23,25,15,11,12,16,21,24,24,32,48,48,22,6,3,4
TUR,bursa,"20220215","3",0,0,0,0,0,0,2,13,20,22,12,10,11,15,21,22,22,28,41,42,22,5,6,5
TUR,bursa,"20220216","4",0,0,0,0,0,0,2,13,22,25,13,11,12,15,20,21,22,29,43,43,20,6,3,3
TUR,bursa,"20220217","5",2,0,0,0,0,0,2,13,20,23,12,11,12,14,18,20,22,27,41,41,19,6,4,5
TUR,bursa,"20220218","6",1,0,0,0,0,0,2,14,18,20,15,18,19,22,28,27,27,34,50,51,25,8,4,5
TUR,bursa,"20220219","7",2,0,0,0,0,0,2,7,6,7,7,10,16,27,38,42,39,38,34,31,24,11,5,6
TUR,bursa,"20220220","1",3,0,0,0,0,0,0,0,0,0,0,0,4,9,21,26,25,19,15,16,12,5,3,3
TUR,bursa,"20220221","2",0,0,0,0,0,0,2,13,23,26,15,11,12,16,24,25,27,31,42,43,19,6,3,3
TUR,bursa,"20220222","3",0,0,0,0,0,0,2,13,26,30,16,13,13,16,22,23,22,27,39,39,24,11,6,6
TUR,bursa,"20220223","4",2,0,0,0,0,0,4,16,24,28,20,15,12,16,23,25,25,29,39,39,17,5,3,4
TUR,bursa,"20220224","5",0,0,0,0,0,0,6,18,31,35,23,16,15,19,26,28,29,38,56,55,28,9,6,8
TUR,bursa,"20220225","6",4,0,0,0,0,0,5,17,25,28,17,14,14,13,23,28,27,34,53,56,38,13,6,6
TUR,bursa,"20220226","7",2,0,0,0,0,0,2,7,6,7,7,10,14,25,35,38,36,33,30,24,19,9,5,5
TUR,bursa,"20220227","1",3,0,0,0,0,0,0,0,0,0,0,0,2,8,15,19,18,16,17,13,7,3,5,5
TUR,bursa,"20220228","2",0,0,0,0,0,0,4,16,29,33,20,17,18,21,24,28,27,35,43,43,19,6,4,6
TUR,bursa,"20220301","3",2,0,0,0,0,0,3,13,23,27,20,12,11,14,18,21,24,28,38,36,14,4,3,4
TUR,bursa,"20220302","4",0,0,0,0,0,0,2,12,20,22,14,11,11,15,20,22,22,28,37,36,14,5,3,4
TUR,bursa,"20220303","5",0,0,0,0,0,0,4,17,29,33,17,14,14,17,21,22,21,24,32,31,14,5,4,4
TUR,bursa,"20220304","6",1,0,0,0,0,0,2,11,20,23,12,11,10,13,21,25,26,30,43,45,25,9,4,5
TUR,bursa,"20220305","7",2,0,0,0,0,0,1,5,6,7,7,9,16,31,42,46,42,34,30,23,17,8,5,5
TUR,bursa,"20220306","1",3,0,0,0,0,0,0,0,0,0,0,0,3,5,12,15,14,14,13,12,11,4,6,5
TUR,bursa,"20220307","2",0,0,0,0,0,0,4,14,27,31,19,19,18,19,23,28,31,37,49,47,23,10,5,6
TUR,bursa,"20220308","3",3,0,0,0,0,0,3,11,20,23,12,10,11,17,27,30,28,33,45,44,24,10,7,7
TUR,bursa,"20220309","4",2,0,0,0,0,0,2,11,19,21,15,12,12,14,17,20,20,27,38,39,0,0,0,0
TUR,bursa,"20220418","2",0,0,0,0,0,0,0,0,0,0,0,0,0,0,0,28,28,31,47,45,6,4,6,6
TUR,bursa,"20220419","3",1,0,0,0,0,0,3,11,21,25,16,14,13,17,22,23,24,30,39,37,4,3,5,5
TUR,bursa,"20220420","4",1,0,0,0,0,0,1,8,20,23,13,11,13,16,21,26,27,34,51,51,16,7,8,8
TUR,bursa,"20220421","5",4,0,0,0,0,0,2,8,16,21,12,11,13,14,19,23,24,33,48,47,15,6,8,9
TUR,bursa,"20220422","6",4,0,0,0,0,0,1,9,17,21,11,11,12,13,24,29,31,36,53,54,24,9,9,10
TUR,bursa,"20220423","7",7,0,0,0,0,0,0,1,1,4,5,10,15,21,33,37,36,32,25,27,14,9,10,16
TUR,bursa,"20220424","1",13,1,0,0,0,0,0,0,0,0,0,1,4,6,13,16,16,15,13,15,4,6,10,13
TUR,bursa,"20220425","2",6,0,0,0,0,0,1,9,20,23,15,13,12,15,22,24,27,34,47,44,14,7,8,10
TUR,bursa,"20220426","3",4,0,0,0,0,0,1,10,19,22,12,11,12,0,0,0,0,0,0,0,0,0,0,0
TUR,bursa,"20220711","2",0,0,0,0,0,0,0,0,0,0,0,0,2,4,13,14,14,10,7,7,6,6,5,4
TUR,bursa,"20220712","3",1,0,0,0,0,0,0,0,0,0,0,0,1,4,9,11,11,10,9,9,7,9,7,6
TUR,bursa,"20220713","4",2,0,0,0,0,0,0,1,1,1,2,4,6,9,15,16,15,13,15,14,6,4,4,3
TUR,bursa,"20220714","5",0,0,0,0,0,0,0,2,1,2,4,5,6,8,14,18,18,14,16,16,9,6,5,5
TUR,bursa,"20220715","6",2,0,0,0,0,0,0,0,0,0,1,3,4,5,11,14,14,11,12,12,11,8,7,6
TUR,bursa,"20220716","7",3,0,0,0,0,0,0,0,0,0,2,3,6,8,13,14,14,14,13,12,11,9,8,9
TUR,bursa,"20220717","1",7,0,0,0,0,0,0,0,0,0,0,0,0,1,5,6,6,6,7,8,8,9,11,9
TUR,bursa,"20220718","2",3,0,0,0,0,0,0,10,16,16,10,12,13,14,22,23,21,21,39,41,17,8,6,6
TUR,bursa,"20220719","3",2,0,0,0,0,0,0,8,12,12,11,12,12,13,19,21,19,23,37,36,18,8,8,8
TUR,bursa,"20220720","4",2,0,0,0,0,0,0,9,15,14,10,10,12,13,19,21,19,20,39,40,19,9,7,7
TUR,bursa,"20220721","5",3,0,0,0,0,0,0,8,11,12,9,11,11,12,18,21,18,20,38,38,18,9,8,8
TUR,bursa,"20220722","6",4,0,0,0,0,0,0,9,14,14,10,11,10,10,20,25,24,25,41,42,25,13,8,9
TUR,bursa,"20220723","7",5,0,0,0,0,0,0,3,4,4,6,7,10,14,25,26,23,21,16,17,16,13,12,10
TUR,bursa,"20220724","1",8,2,0,0,0,0,0,0,0,0,0,0,2,4,7,9,7,8,9,11,11,11,14,13
TUR,bursa,"20220725","2",7,0,0,0,0,0,0,9,15,14,10,14,15,13,18,20,21,22,37,37,17,8,6,6
TUR,bursa,"20220726","3",2,0,0,0,0,0,0,10,13,13,10,11,10,12,18,19,20,21,39,38,19,8,8,7
TUR,bursa,"20220727","4",3,0,0,0,0,0,0,12,15,12,9,11,11,12,18,18,17,20,40,41,22,9,8,8
TUR,bursa,"20220728","5",4,0,0,0,0,0,0,10,13,12,11,11,10,11,17,23,21,20,38,39,23,14,12,9
TUR,bursa,"20220729","6",5,0,0,0,0,0,0,10,12,11,10,11,10,9,22,25,24,26,48,48,32,15,10,10
TUR,bursa,"20220730","7",6,0,0,0,0,0,0,4,4,4,6,12,10,13,19,21,22,21,20,16,16,14,11,11
TUR,bursa,"20220731","1",8,1,0,0,0,0,0,0,0,1,0,0,7,10,6,8,13,13,9,10,17,15,12,12
TUR,bursa,"20220801","2",5,0,0,0,0,0,0,10,15,14,11,12,12,13,20,23,21,23,41,42,21,12,7,7
TUR,bursa,"20220802","3",2,0,0,0,0,0,0,9,13,12,11,12,12,13,20,21,18,22,38,39,19,10,7,7
TUR,bursa,"20220803","4",2,0,0,0,0,0,0,9,13,12,10,12,12,13,18,20,18,22,41,42,21,11,8,7
TUR,bursa,"20220804","5",3,0,0,0,0,0,0,8,12,11,10,14,14,12,19,20,20,23,41,41,20,9,7,7
TUR,bursa,"20220805","6",3,0,0,0,0,0,0,10,13,13,10,11,14,13,20,25,26,30,55,60,41,22,12,10
TUR,bursa,"20220806","7",7,4,0,0,0,0,0,3,4,4,6,8,11,16,24,28,26,25,22,21,19,17,12,10
TUR,bursa,"20220807","1",8,0,0,0,0,0,0,0,0,0,0,0,1,4,8,9,9,9,10,12,12,13,13,11
TUR,bursa,"20220808","2",5,0,0,0,0,0,0,10,15,14,13,12,12,14,21,22,21,24,41,42,21,10,7,6
TUR,bursa,"20220809","3",2,0,0,0,0,0,0,8,12,13,11,11,11,13,19,22,19,21,38,38,20,11,7,9
TUR,bursa,"20220810","4",4,0,0,0,0,0,0,9,14,13,11,12,13,13,20,22,21,24,46,50,27,12,7,7
TUR,bursa,"20220811","5",3,0,0,0,0,0,0,9,13,13,10,11,11,12,20,20,21,23,42,42,23,12,8,8
TUR,bursa,"20220812","6",4,0,0,0,0,0,0,10,14,13,10,10,11,10,21,25,24,27,47,48,34,19,9,8
TUR,bursa,"20220813","7",4,0,0,0,0,0,0,3,3,3,5,7,12,20,24,29,36,45,37,25,16,14,9,9
TUR,bursa,"20220814","1",5,0,0,0,0,0,0,0,0,0,0,0,2,4,7,9,11,11,12,15,16,16,24,29
TUR,bursa,"20220815","2",7,0,0,0,0,0,0,13,28,33,21,16,15,13,21,25,25,27,48,50,24,11,6,5
TUR,bursa,"20220816","3",1,0,0,0,0,0,0,9,15,15,10,11,11,15,20,21,20,23,48,49,27,14,8,10
TUR,bursa,"20220817","4",4,0,0,0,0,0,0,9,13,13,12,11,11,13,19,21,20,23,45,46,26,14,13,9
TUR,bursa,"20220818","5",3,0,0,0,0,0,0,9,13,12,10,10,11,13,20,22,21,25,50,53,31,18,9,8
TUR,bursa,"20220819","6",4,0,0,0,0,0,0,10,13,13,10,12,12,12,22,27,27,30,52,55,41,29,10,10
TUR,bursa,"20220820","7",7,0,0,0,0,0,0,3,4,4,6,8,11,17,23,25,26,26,24,24,25,23,12,11
TUR,bursa,"20220821","1",8,2,0,0,0,0,0,0,0,0,0,0,2,5,9,9,12,11,15,16,19,19,15,14
TUR,bursa,"20220822","2",6,0,0,0,0,0,0,11,29,31,21,13,12,15,23,25,23,36,67,72,42,12,6,5
TUR,bursa,"20220823","3",1,0,0,0,0,0,0,9,16,16,11,11,11,14,19,22,23,28,49,52,29,12,7,6
TUR,bursa,"20220824","4",3,0,0,0,0,0,0,9,14,15,12,13,12,13,21,28,29,33,48,46,28,19,15,10
TUR,bursa,"20220825","5",4,0,0,0,0,0,0,9,12,12,9,10,14,14,19,21,21,26,46,46,27,14,8,7
TUR,bursa,"20220826","6",3,0,0,0,0,0,0,10,15,14,10,11,11,11,24,30,29,32,49,52,37,24,8,8
TUR,bursa,"20220827","7",7,0,0,0,0,0,0,3,8,8,7,9,12,17,26,30,31,31,29,29,27,24,11,11
TUR,bursa,"20220828","1",7,0,0,0,0,0,0,0,0,0,0,0,3,5,9,11,11,14,16,16,20,19,21,16
TUR,bursa,"20220829","2",5,0,0,0,0,0,0,8,13,14,12,13,13,15,28,31,30,30,54,56,30,12,6,6
TUR,bursa,"20220830","3",2,0,0,0,0,0,0,0,2,3,5,7,10,10,16,19,21,22,24,24,20,14,7,8
TUR,bursa,"20220831","4",3,0,0,0,0,0,0,8,15,16,10,12,12,16,23,53,51,36,39,39,18,11,6,6
TUR,bursa,"20220901","5",1,0,0,0,0,0,0,9,14,14,10,11,12,13,21,23,22,27,45,47,28,14,7,7
TUR,bursa,"20220902","6",3,0,0,0,0,0,0,11,17,16,12,15,14,11,23,28,29,37,58,62,52,35,9,9
TUR,bursa,"20220903","7",6,2,0,0,0,0,0,3,5,5,6,9,12,18,29,31,29,30,28,28,31,25,11,11
TUR,bursa,"20220904","1",11,2,0,0,0,0,0,0,0,0,0,0,5,7,12,16,20,23,29,26,26,20,13,11
TUR,bursa,"20220905","2",4,0,0,0,0,0,0,11,21,23,19,14,14,17,24,28,29,37,53,53,24,12,4,4
TUR,bursa,"20220906","3",1,0,0,0,0,0,0,10,18,20,15,13,13,20,27,27,27,30,46,47,28,12,6,5
TUR,bursa,"20220907","4",1,0,0,0,0,0,0,10,18,21,16,12,14,17,23,24,25,36,58,60,43,18,7,6
TUR,bursa,"20220908","5",3,0,0,0,0,0,0,11,21,27,22,12,13,16,21,22,23,31,51,52,33,16,7,6
TUR,bursa,"20220909","6",2,0,0,0,0,0,0,11,21,22,13,13,17,17,25,27,29,35,60,64,47,26,9,8
TUR,bursa,"20220910","7",4,0,0,0,0,0,0,3,4,4,8,10,16,23,28,35,37,37,35,32,39,30,18,13
TUR,bursa,"20220911","1",12,6,0,0,0,0,0,0,0,0,0,0,4,7,14,18,24,23,18,24,25,18,12,13
TUR,bursa,"20220912","2",3,0,0,0,0,0,0,16,54,64,37,21,13,14,21,24,30,35,46,45,21,7,3,3
TUR,bursa,"20220913","3",0,0,0,0,0,0,0,14,32,34,15,11,11,13,22,22,24,31,45,44,25,9,5,4
TUR,bursa,"20220914","4",0,0,0,0,0,0,0,13,31,34,16,11,11,14,18,22,25,32,45,45,26,10,6,5
TUR,bursa,"20220915","5",1,0,0,0,0,0,0,13,32,35,15,11,13,13,19,20,26,33,44,44,27,11,6,5
TUR,bursa,"20220916","6",1,0,0,0,0,0,0,13,28,31,13,12,15,14,21,24,32,38,54,57,40,21,8,7
TUR,bursa,"20220917","7",3,0,0,0,0,0,0,5,5,6,7,10,13,20,27,27,29,27,24,27,30,20,10,10
TUR,bursa,"20220918","1",8,0,0,0,0,0,0,0,0,2,0,1,10,13,13,14,19,22,19,20,21,12,9,8
TUR,bursa,"20220919","2",0,0,0,0,0,0,1,15,35,37,19,13,14,16,20,24,27,34,48,48,26,8,4,4
TUR,bursa,"20220920","3",0,0,0,0,0,0,1,14,31,34,16,12,11,14,20,22,26,33,46,46,26,8,4,4
TUR,bursa,"20220921","4",0,0,0,0,0,0,1,15,32,35,16,15,12,14,20,22,25,33,50,52,30,9,6,5
TUR,bursa,"20220922","5",0,0,0,0,0,0,4,18,38,42,26,20,19,19,25,33,32,32,46,46,26,8,4,5
TUR,bursa,"20220923","6",0,0,0,0,0,0,0,14,27,29,14,14,12,11,23,27,31,40,54,56,39,16,6,6
TUR,bursa,"20220924","7",1,0,0,0,0,0,0,5,5,5,8,14,18,28,37,42,49,48,46,43,43,24,11,11
TUR,bursa,"20220925","1",4,0,0,0,0,0,0,0,0,0,0,0,5,9,16,23,24,20,19,22,22,11,7,4
TUR,bursa,"20220926","2",0,0,0,0,0,0,0,14,38,41,19,12,11,14,19,22,27,34,46,47,25,6,4,4
TUR,bursa,"20220927","3",0,0,0,0,0,0,1,13,28,31,17,13,12,15,18,22,24,30,42,41,21,6,4,4
TUR,bursa,"20220928","4",0,0,0,0,0,0,5,18,33,37,18,20,19,18,19,22,22,29,42,43,23,7,4,4
TUR,bursa,"20220929","5",0,0,0,0,0,0,1,14,29,31,14,11,12,15,19,21,23,30,43,44,25,8,5,5
TUR,bursa,"20220930","6",0,0,0,0,0,0,2,15,30,32,15,12,12,12,21,28,29,36,52,55,37,13,7,7
TUR,bursa,"20221001","7",2,0,0,0,0,0,0,5,12,11,9,12,17,26,34,36,36,32,29,30,29,16,9,10
TUR,bursa,"20221002","1",8,0,0,0,0,0,0,0,0,0,0,2,9,19,23,19,14,15,14,16,16,6,5,4
TUR,bursa,"20221003","2",0,0,0,0,0,0,1,16,40,44,21,15,13,16,21,24,26,34,54,56,29,7,4,4
TUR,bursa,"20221004","3",0,0,0,0,0,0,2,14,30,34,17,13,14,17,21,27,33,39,57,56,29,7,4,3
TUR,bursa,"20221005","4",0,0,0,0,0,0,2,15,32,36,18,13,15,17,21,24,28,41,58,60,33,10,5,4
TUR,bursa,"20221006","5",2,0,0,0,0,0,2,14,30,32,17,13,13,17,22,25,28,39,58,61,35,9,5,4
TUR,bursa,"20221007","6",1,0,0,0,0,0,2,14,30,32,18,14,15,13,24,30,43,51,64,69,44,14,10,9
TUR,bursa,"20221008","7",3,0,0,0,0,0,4,10,11,12,11,17,22,35,48,58,56,51,41,35,30,16,12,9
TUR,bursa,"20221009","1",6,0,0,0,0,0,0,0,0,0,0,0,9,13,19,24,23,21,18,20,18,10,5,4
TUR,bursa,"20221010","2",0,0,0,0,0,0,1,15,34,38,18,16,15,16,21,23,25,34,52,56,27,6,3,2
TUR,bursa,"20221011","3",0,0,0,0,0,0,1,13,30,35,17,12,12,14,19,21,24,33,47,48,23,6,3,3
TUR,bursa,"20221012","4",0,0,0,0,0,0,2,14,29,31,14,12,12,15,20,23,24,32,49,50,25,6,3,3
TUR,bursa,"20221013","5",0,0,0,0,0,0,1,13,29,32,15,12,12,15,19,21,24,33,50,53,26,7,3,3
TUR,bursa,"20221014","6",0,0,0,0,0,0,1,14,28,29,13,11,12,12,23,25,31,41,60,68,45,12,5,6
TUR,bursa,"20221015","7",3,2,0,0,0,0,4,9,9,10,10,13,17,29,41,43,39,39,36,32,26,8,6,5
TUR,bursa,"20221016","1",3,0,0,0,0,0,0,0,0,0,0,2,6,12,23,26,25,23,19,18,13,3,2,2
TUR,bursa,"20221017","2",0,0,0,0,0,0,1,14,29,31,19,12,12,14,20,25,30,39,57,58,22,6,2,2
TUR,bursa,"20221018","3",0,0,0,0,0,0,2,14,31,35,20,13,11,15,19,26,28,36,60,61,27,5,4,3
TUR,bursa,"20221019","4",0,0,0,0,0,0,1,14,30,32,14,12,12,15,21,22,26,36,55,57,25,6,3,3
TUR,bursa,"20221020","5",0,0,0,0,0,0,3,16,31,33,14,11,11,15,20,22,27,38,58,61,30,6,3,3
TUR,bursa,"20221021","6",0,0,0,0,0,0,2,14,30,33,18,12,12,12,27,30,34,45,74,78,52,15,5,5
TUR,bursa,"20221022","7",1,0,0,0,0,0,0,5,7,9,13,13,20,31,40,43,41,43,43,42,35,15,7,6
TUR,bursa,"20221023","1",3,0,0,0,0,0,0,0,0,0,0,0,4,11,21,27,24,21,22,23,17,8,5,5
TUR,bursa,"20221024","2",0,0,0,0,0,0,1,14,34,37,18,14,13,15,21,24,28,39,56,59,23,4,2,2
TUR,bursa,"20221025","3",0,0,0,0,0,0,1,14,32,36,19,13,13,15,20,22,25,34,53,55,24,6,3,3
TUR,bursa,"20221026","4",0,0,0,0,0,0,1,14,30,33,17,13,13,17,20,22,27,36,58,61,27,6,3,3
TUR,bursa,"20221027","5",0,0,0,0,0,0,1,14,30,34,20,12,12,17,22,24,29,41,59,62,29,6,4,3
TUR,bursa,"20221028","6",0,0,0,0,0,0,1,13,27,29,16,17,28,33,43,44,40,34,45,47,30,8,3,3
TUR,bursa,"20221029","7",1,0,0,0,0,0,0,0,0,3,5,9,15,20,30,30,28,29,33,41,41,23,14,14
TUR,bursa,"20221030","1",5,0,0,0,0,0,0,0,0,0,0,0,4,10,20,23,21,19,21,21,14,4,3,2
TUR,bursa,"20221031","2",0,0,0,0,0,0,1,14,34,38,19,15,14,18,26,29,31,38,58,60,23,3,2,2
TUR,bursa,"20221101","3",0,0,0,0,0,0,1,14,34,38,22,15,13,16,20,24,29,42,65,65,26,5,4,4
TUR,bursa,"20221102","4",0,0,0,0,0,0,1,15,37,41,20,14,14,17,22,25,33,42,66,68,34,6,4,3
TUR,bursa,"20221103","5",0,0,0,0,0,0,1,16,30,34,18,14,16,17,22,23,29,41,63,64,26,5,4,5
TUR,bursa,"20221104","6",0,0,0,0,0,0,1,15,30,32,15,12,13,13,24,28,38,50,77,81,45,10,5,5
TUR,bursa,"20221105","7",2,0,0,0,0,0,0,5,7,8,9,11,18,33,42,45,49,50,53,52,36,11,9,9
TUR,bursa,"20221106","1",4,0,0,0,0,0,0,0,0,0,0,0,9,13,19,22,22,21,25,23,12,4,3,3
TUR,bursa,"20221107","2",0,0,0,0,0,0,1,16,33,35,20,14,14,16,22,29,37,43,63,61,20,3,2,3
TUR,bursa,"20221108","3",0,0,0,0,0,0,2,15,31,36,18,14,18,17,20,23,28,38,61,63,24,5,3,3
TUR,bursa,"20221109","4",0,0,0,0,0,0,1,14,30,34,18,16,16,18,22,23,31,43,67,71,32,6,3,3
TUR,bursa,"20221110","5",0,0,0,0,0,0,1,14,37,40,21,13,13,17,23,25,30,41,68,69,26,5,4,3
TUR,bursa,"20221111","6",0,0,0,0,0,0,1,15,33,37,17,14,14,13,26,31,36,49,76,80,47,15,5,5
TUR,bursa,"20221112","7",1,0,0,0,0,0,0,6,8,10,8,10,16,29,37,43,42,42,42,40,33,13,7,9
TUR,bursa,"20221113","1",10,0,0,0,0,0,0,0,0,0,0,0,5,11,24,30,28,26,27,25,14,4,5,5
TUR,bursa,"20221114","2",0,0,0,0,0,0,1,14,19,17,12,15,15,19,26,26,28,33,61,61,24,4,3,3
TUR,bursa,"20221115","3",0,0,0,0,0,0,2,13,17,16,12,14,17,18,27,29,28,36,63,64,27,5,3,4
TUR,bursa,"20221116","4",0,0,0,0,0,0,1,13,17,16,12,13,14,19,26,29,29,38,68,69,28,6,5,6
TUR,bursa,"20221117","5",3,0,0,0,0,0,2,13,15,14,12,13,16,18,27,27,28,38,64,62,25,11,9,6
TUR,bursa,"20221118","6",0,0,0,0,0,0,1,10,16,14,14,13,14,13,30,34,31,49,80,86,50,16,6,6
TUR,bursa,"20221119","7",2,0,0,0,0,0,1,7,7,11,7,11,20,29,38,41,39,39,42,40,29,11,7,8
TUR,bursa,"20221120","1",5,0,0,0,0,0,0,0,0,0,0,1,5,9,17,20,23,23,22,19,9,3,3,3
TUR,bursa,"20221121","2",0,0,0,0,0,0,2,19,37,42,22,15,13,16,23,29,40,53,81,81,38,5,3,3
TUR,bursa,"20221122","3",0,0,0,0,0,0,2,15,32,36,18,13,13,17,22,25,28,41,71,72,32,5,4,4
TUR,bursa,"20221123","4",0,0,0,0,0,0,1,16,31,35,18,12,13,17,21,23,40,57,86,85,46,13,6,5
TUR,bursa,"20221124","5",0,0,0,0,0,0,4,20,38,42,21,14,14,17,27,34,37,53,76,74,33,8,5,5
TUR,bursa,"20221125","6",5,0,0,0,0,0,3,22,39,44,27,19,18,17,30,33,39,60,80,81,38,9,6,8
TUR,bursa,"20221126","7",5,0,0,0,0,0,2,8,9,10,10,15,19,33,41,43,39,41,41,37,23,8,5,5
TUR,bursa,"20221127","1",2,0,0,0,0,0,0,0,0,0,0,0,3,8,19,22,24,24,23,19,9,3,3,2
TUR,bursa,"20221128","2",0,0,0,0,0,0,1,16,31,34,17,14,13,17,24,26,29,41,63,61,18,4,2,2
TUR,bursa,"20221129","3",0,0,0,0,0,0,1,15,30,34,16,16,19,20,23,26,25,36,54,53,20,7,7,7
TUR,bursa,"20221130","4",2,0,0,0,0,0,3,18,34,37,20,13,0,0,0,0,0,0,0,0,0,0,0,0
TUR,bursa,"20221208","5",0,0,0,0,0,0,0,0,27,29,15,13,13,16,22,27,30,39,60,59,23,5,3,4
TUR,bursa,"20221209","6",0,0,0,0,0,0,2,22,32,34,17,13,13,12,25,30,34,45,63,64,27,6,5,6
TUR,bursa,"20221210","7",0,0,0,0,0,0,0,7,12,16,10,14,22,36,42,49,47,50,46,31,18,7,6,5
TUR,bursa,"20221211","1",2,0,0,0,0,0,0,0,0,0,0,0,4,9,23,29,32,34,23,17,8,3,3,4
TUR,bursa,"20221212","2",0,0,0,0,0,0,4,19,33,35,18,15,15,17,24,26,31,39,56,55,24,9,5,4
TUR,bursa,"20221213","3",0,0,0,0,0,0,3,19,38,46,31,22,23,27,32,33,39,50,61,56,20,6,7,5
TUR,bursa,"20221214","4",1,0,0,0,0,0,2,16,26,29,15,13,13,17,24,26,34,40,61,60,24,5,1,2
TUR,bursa,"20221215","5",0,0,0,0,0,0,2,15,28,37,20,14,13,17,23,26,33,44,62,62,27,9,4,4
TUR,bursa,"20221216","6",0,0,0,0,0,0,2,17,28,30,16,13,14,13,28,33,38,50,74,79,46,14,5,5
TUR,bursa,"20221217","7",1,0,0,0,0,0,1,7,7,8,9,12,17,32,48,51,52,53,52,50,32,12,9,8
TUR,bursa,"20221218","1",4,0,0,0,0,0,0,0,0,0,0,0,3,10,21,28,32,33,29,16,6,4,4,5
TUR,bursa,"20221219","2",1,0,0,0,0,0,2,17,32,35,17,13,14,19,27,30,31,42,56,53,16,2,2,2
TUR,bursa,"20221220","3",0,0,0,0,0,0,1,17,32,36,25,16,14,17,24,29,34,41,58,56,23,4,2,2
TUR,bursa,"20221221","4",0,0,0,0,0,0,1,16,29,33,17,13,14,17,23,26,35,43,62,61,26,5,3,2
TUR,bursa,"20221222","5",0,0,0,0,0,0,1,15,27,30,16,14,18,21,29,33,35,44,63,65,24,5,3,3
TUR,bursa,"20221223","6",0,0,0,0,0,0,1,15,26,28,15,14,14,13,28,33,41,49,64,65,27,9,3,3
TUR,bursa,"20221224","7",0,0,0,0,0,0,0,5,7,10,9,11,20,34,45,51,51,52,51,48,27,8,7,6
TUR,bursa,"20221225","1",4,0,0,0,0,0,0,1,0,0,0,0,4,11,18,22,26,25,20,17,7,2,2,2
TUR,bursa,"20221226","2",0,0,0,0,0,0,2,17,31,36,25,15,15,17,25,30,36,43,61,59,22,5,2,2
TUR,bursa,"20221227","3",0,0,0,0,0,0,1,15,29,34,20,16,15,18,27,31,35,44,63,63,25,4,3,2
TUR,bursa,"20221228","4",0,0,0,0,0,0,1,15,28,31,16,14,15,17,27,32,38,49,68,70,29,5,4,2
TUR,bursa,"20221229","5",0,0,0,0,0,0,1,18,31,35,22,16,17,21,30,34,39,53,74,74,33,7,4,2
TUR,bursa,"20221230","6",0,0,0,0,0,0,4,19,31,35,18,14,15,15,31,43,50,55,76,77,43,12,4,2
TUR,bursa,"20221231","7",1,0,0,0,0,0,0,3,3,4,5,8,17,27,44,44,42,41,36,32,15,7,3,1
TUR,bursa,"20230101","1",0,0,0,0,0,0,0,0,0,0,0,0,0,3,14,22,22,22,18,15,8,4,1,1
TUR,bursa,"20230102","2",0,0,0,0,0,0,4,18,32,34,14,10,13,14,24,28,29,35,52,49,15,1,0,1
TUR,bursa,"20230103","3",0,0,0,0,0,0,1,13,26,29,16,12,12,15,21,22,25,32,48,46,14,3,2,1
TUR,bursa,"20230104","4",0,0,0,0,0,0,1,16,27,29,14,11,12,16,21,27,30,35,50,49,14,2,1,1
TUR,bursa,"20230105","5",0,0,0,0,0,0,1,14,25,30,15,14,13,15,22,26,29,33,52,51,18,4,2,2
TUR,bursa,"20230106","6",0,0,0,0,0,0,1,15,27,29,13,13,13,13,24,29,33,40,59,59,26,8,3,3
TUR,bursa,"20230107","7",0,0,0,0,0,0,0,5,5,7,7,10,16,28,41,46,43,43,43,40,22,7,5,6
TUR,bursa,"20230108","1",2,0,0,0,0,0,0,0,0,0,0,0,2,7,20,24,23,20,18,16,5,2,2,1
TUR,bursa,"20230109","2",0,0,0,0,0,0,1,14,28,31,17,12,16,17,26,28,31,39,54,54,18,3,1,1
TUR,bursa,"20230110","3",0,0,0,0,0,0,1,14,27,32,16,12,12,14,21,23,27,37,47,44,15,3,3,3
TUR,bursa,"20230111","4",0,0,0,0,0,0,4,17,30,33,18,16,19,20,26,27,30,38,51,52,20,5,4,4
TUR,bursa,"20230112","5",0,0,0,0,0,0,2,16,29,32,16,14,13,15,22,25,26,32,48,48,17,4,3,4
TUR,bursa,"20230113","6",0,0,0,0,0,0,4,20,34,38,22,17,16,15,23,28,31,38,53,56,26,6,3,4
TUR,bursa,"20230114","7",1,0,0,0,0,0,0,5,9,9,7,10,18,29,40,44,43,41,34,30,19,7,9,7
TUR,bursa,"20230115","1",4,0,0,0,0,0,0,0,0,0,0,0,3,8,20,26,26,26,21,18,10,3,2,2
TUR,bursa,"20230116","2",0,0,0,0,0,0,0,17,36,40,20,14,13,16,25,26,28,34,49,48,16,4,2,2
TUR,bursa,"20230117","3",0,0,0,0,0,0,1,15,27,31,21,16,14,18,23,26,27,39,54,52,20,4,3,3
TUR,bursa,"20230118","4",0,0,0,0,0,0,2,14,30,33,18,14,14,16,24,28,28,37,54,56,24,6,3,3
TUR,bursa,"20230119","5",0,0,0,0,0,0,1,14,25,27,16,12,14,16,23,27,30,40,57,58,25,7,5,7
TUR,bursa,"20230120","6",2,0,0,0,0,0,1,16,25,27,16,20,26,25,30,42,41,53,97,106,71,21,6,6
TUR,bursa,"20230121","7",1,0,0,0,0,0,0,6,9,12,9,11,15,25,36,37,35,33,33,31,21,11,7,6
TUR,bursa,"20230122","1",3,0,0,0,0,0,0,0,0,0,0,0,5,13,28,31,31,30,23,23,21,8,4,3
TUR,bursa,"20230123","2",0,0,0,0,0,0,1,13,17,16,14,14,15,23,31,32,30,35,53,53,23,4,2,2
TUR,bursa,"20230124","3",0,0,0,0,0,0,1,13,16,16,13,14,15,18,28,28,27,32,51,52,23,5,3,3
TUR,bursa,"20230125","4",0,0,0,0,0,0,1,12,16,15,12,13,14,18,27,30,31,33,52,54,27,5,4,4
TUR,bursa,"20230126","5",2,0,0,0,0,0,2,15,22,24,18,13,16,18,28,28,29,34,57,59,28,7,6,5
TUR,bursa,"20230127","6",0,0,0,0,0,0,1,13,15,14,11,19,22,22,36,40,37,35,55,57,40,16,7,7
TUR,bursa,"20230128","7",2,0,0,0,0,0,0,5,6,8,12,15,23,37,55,57,53,49,48,43,33,15,10,8
TUR,bursa,"20230129","1",5,0,0,0,0,0,0,0,0,0,0,2,7,13,27,40,41,37,28,17,10,4,3,2
TUR,bursa,"20230130","2",0,0,0,0,0,0,1,13,15,14,11,13,14,20,31,32,31,33,58,60,32,9,6,6
TUR,bursa,"20230131","3",2,0,0,0,0,0,2,13,15,15,13,13,14,19,29,30,30,38,64,67,52,19,8,7
TUR,bursa,"20230201","4",2,0,0,0,0,0,5,16,19,21,24,23,15,18,32,37,37,34,51,53,27,6,4,3
TUR,bursa,"20230202","5",0,0,0,0,0,0,2,12,18,17,13,15,16,21,30,34,36,38,54,57,35,7,4,4
TUR,bursa,"20230203","6",0,0,0,0,0,0,6,17,20,18,12,13,13,13,34,47,44,36,57,60,36,10,6,5
TUR,bursa,"20230204","7",1,0,0,0,0,0,2,6,5,4,7,9,15,33,49,54,54,56,69,61,30,10,7,7
TUR,bursa,"20230205","1",5,0,0,0,0,0,0,0,0,0,0,0,3,8,15,29,31,27,26,22,16,11,11,12
TUR,bursa,"20230206","2",5,0,0,0,0,0,16,27,28,28,18,16,14,16,21,23,22,24,37,36,16,7,7,6
TUR,bursa,"20230207","3",2,0,0,0,0,0,7,16,17,15,11,13,14,17,29,30,25,28,45,46,27,11,16,19
TUR,bursa,"20230208","4",16,8,1,0,0,2,13,21,21,19,13,12,15,13,18,21,20,19,29,30,15,7,5,6
TUR,bursa,"20230209","5",2,0,0,0,0,0,6,12,12,12,10,10,11,13,19,21,20,21,38,37,16,6,4,4
TUR,bursa,"20230210","6",1,0,0,0,0,0,4,12,12,11,10,10,10,10,23,30,29,32,52,54,27,8,4,5
TUR,bursa,"20230211","7",1,0,0,0,0,0,2,6,4,4,4,6,11,18,30,38,36,34,30,24,18,7,5,4
TUR,bursa,"20230212","1",2,0,0,0,0,0,0,0,0,0,0,0,2,7,15,20,22,23,18,14,12,4,3,2
TUR,bursa,"20230213","2",0,0,0,0,0,0,3,12,16,16,11,12,12,16,27,33,32,36,56,57,31,7,2,3
TUR,bursa,"20230214","3",0,0,0,0,0,0,2,12,20,20,13,12,14,16,29,30,30,39,64,66,36,5,4,4
TUR,bursa,"20230215","4",0,0,0,0,0,0,3,13,16,16,17,17,14,20,25,31,29,28,49,50,24,8,3,3
TUR,bursa,"20230216","5",0,0,0,0,0,0,2,11,16,16,11,12,15,16,23,29,28,36,56,58,27,7,3,4
TUR,bursa,"20230217","6",0,0,0,0,0,0,2,12,17,17,13,12,13,12,28,35,36,42,69,73,41,12,5,5
TUR,bursa,"20230218","7",0,0,0,0,0,0,1,5,4,5,6,9,15,28,41,51,50,46,43,40,35,15,7,7
TUR,bursa,"20230219","1",5,0,0,0,0,0,0,0,0,0,0,0,4,11,27,37,38,32,28,25,19,10,5,4
TUR,bursa,"20230220","2",0,0,0,0,0,0,1,14,33,37,28,21,19,19,23,25,31,36,52,52,19,4,2,2
TUR,bursa,"20230221","3",0,0,0,0,0,0,1,14,32,38,22,13,12,15,23,26,30,39,54,54,24,6,3,3
TUR,bursa,"20230222","4",0,0,0,0,0,0,1,14,32,37,19,14,13,16,23,26,28,39,55,54,28,6,3,3
TUR,bursa,"20230223","5",0,0,0,0,0,0,1,13,30,34,17,16,13,15,22,25,30,38,54,53,23,6,4,4
TUR,bursa,"20230224","6",0,0,0,0,0,0,1,14,29,31,14,13,13,13,25,32,35,44,61,64,34,9,5,4
TUR,bursa,"20230225","7",1,0,0,0,0,0,0,4,5,6,7,11,19,33,46,48,48,43,39,35,31,16,7,7
TUR,bursa,"20230226","1",4,0,0,0,0,0,0,0,0,0,0,0,2,8,19,25,24,19,18,19,19,15,5,3
TUR,bursa,"20230227","2",0,0,0,0,0,0,1,15,35,38,20,14,13,14,24,25,27,35,49,47,18,4,2,3
TUR,bursa,"20230228","3",0,0,0,0,0,0,5,19,36,39,20,14,13,15,22,25,30,45,59,56,22,5,2,4
TUR,bursa,"20230301","4",0,0,0,0,0,0,1,16,31,34,16,12,12,14,22,24,29,38,53,52,26,6,3,4
TUR,bursa,"20230302","5",1,0,0,0,0,0,3,27,41,44,25,16,12,15,21,24,27,35,47,46,17,5,4,3
TUR,bursa,"20230303","6",0,0,0,0,0,0,1,14,26,28,14,12,12,11,24,32,38,43,54,54,28,8,4,4
TUR,bursa,"20230304","7",1,0,0,0,0,0,0,4,5,6,6,9,16,29,44,48,51,46,38,30,27,12,8,7
TUR,bursa,"20230305","1",4,0,0,0,0,0,0,0,0,0,0,1,10,12,18,24,34,41,37,28,18,9,10,8
TUR,bursa,"20230306","2",3,0,0,0,0,0,4,16,34,36,20,15,14,16,25,28,31,35,57,59,21,7,4,4
TUR,bursa,"20230307","3",0,0,0,0,0,0,1,14,27,30,19,13,13,16,24,30,29,39,49,48,19,6,3,4
TUR,bursa,"20230308","4",0,0,0,0,0,0,4,20,35,38,18,16,14,17,26,30,31,41,60,58,29,10,4,4
TUR,bursa,"20230309","5",1,0,0,0,0,0,1,15,34,36,20,13,13,18,23,26,29,35,48,48,22,8,4,4
TUR,bursa,"20230310","6",0,0,0,0,0,0,1,16,33,35,20,15,15,17,25,34,38,45,66,68,40,13,5,6
TUR,bursa,"20230311","7",1,0,0,0,0,0,1,6,6,7,8,13,22,44,55,56,57,41,27,19,18,8,7,6
TUR,bursa,"20230312","1",3,0,0,0,0,0,0,0,0,0,0,2,6,12,24,32,31,28,23,19,14,6,4,3
TUR,bursa,"20230313","2",0,0,0,0,0,0,2,14,28,29,15,13,13,16,24,30,30,35,46,43,19,4,2,2
TUR,bursa,"20230314","3",0,0,0,0,0,0,1,19,31,34,19,14,13,16,23,26,30,36,50,49,22,6,3,3
TUR,bursa,"20230315","4",0,0,0,0,0,0,1,15,33,37,20,14,14,17,24,28,34,44,60,60,33,13,5,5
TUR,bursa,"20230316","5",0,0,0,0,0,0,3,16,33,36,17,13,14,16,23,25,29,46,70,70,39,15,7,7
TUR,bursa,"20230317","6",1,0,0,0,0,0,3,18,32,38,24,19,18,19,31,40,45,51,68,69,43,15,8,8
TUR,bursa,"20230318","7",4,0,0,0,0,0,3,7,7,8,9,11,18,34,48,51,49,46,41,31,21,11,8,7
TUR,bursa,"20230319","1",4,0,0,0,0,0,0,0,0,0,0,1,6,15,25,29,31,29,20,13,11,5,4,3
TUR,bursa,"20230320","2",0,0,0,0,0,0,2,15,29,31,18,14,14,17,26,31,38,45,61,61,33,8,5,5
TUR,bursa,"20230321","3",0,0,0,0,0,0,1,14,32,36,19,18,16,19,27,31,33,43,62,64,37,12,5,4
TUR,bursa,"20230322","4",0,0,0,0,0,0,1,14,27,31,17,14,16,26,32,37,46,51,67,67,31,9,4,3
TUR,bursa,"20230323","5",0,0,0,0,0,0,4,11,19,21,11,10,11,13,24,33,31,37,53,47,2,3,3,3
TUR,bursa,"20230324","6",0,0,0,0,0,0,2,9,19,21,11,10,11,12,28,35,37,46,68,62,4,5,5,4
TUR,bursa,"20230325","7",0,0,0,0,0,0,0,2,2,3,5,8,15,23,35,39,38,37,28,25,5,6,9,10
TUR,bursa,"20230326","1",5,0,0,0,0,0,0,0,0,0,0,0,1,5,13,22,27,20,11,8,3,4,5,5
TUR,bursa,"20230327","2",0,0,0,0,0,0,2,11,24,26,18,15,16,17,27,31,34,44,66,63,4,5,5,4
TUR,bursa,"20230328","3",0,0,0,0,0,0,4,15,42,45,24,17,17,19,33,40,43,46,65,63,13,17,6,4
TUR,bursa,"20230329","4",11,4,0,0,0,0,6,14,28,32,19,18,18,19,21,23,25,32,48,46,2,3,4,4
TUR,bursa,"20230330","5",0,0,0,0,0,0,1,9,20,22,12,12,13,16,23,28,30,41,62,60,5,7,5,5
TUR,bursa,"20230331","6",0,0,0,0,0,0,1,9,18,21,12,11,12,12,29,37,43,52,67,68,5,8,7,6
TUR,bursa,"20230401","7",2,0,0,0,0,0,0,2,2,3,9,9,15,24,36,40,41,37,33,34,4,8,11,14
TUR,bursa,"20230402","1",12,0,0,0,0,0,0,0,0,0,0,0,2,12,21,25,20,20,19,18,7,9,10,13
TUR,bursa,"20230403","2",3,0,0,0,0,0,3,12,23,25,14,12,14,15,22,28,29,37,50,46,3,5,5,5
TUR,bursa,"20230404","3",0,0,0,0,0,0,1,11,24,28,16,12,12,15,21,25,32,55,79,80,20,11,6,6
TUR,bursa,"20230405","4",1,0,0,0,0,0,4,13,23,26,16,12,13,16,28,32,33,43,69,71,11,13,8,7
TUR,bursa,"20230406","5",2,0,0,0,0,0,2,9,20,24,14,11,12,18,22,32,33,40,54,52,3,6,6,6
TUR,bursa,"20230407","6",1,0,0,0,0,0,3,13,27,32,17,13,13,13,27,34,38,45,68,67,7,8,7,8
TUR,bursa,"20230408","7",4,0,0,0,0,0,0,1,2,3,6,10,16,28,47,51,50,45,46,50,9,11,13,16
TUR,bursa,"20230409","1",16,7,0,0,0,0,0,0,0,0,0,0,2,6,16,22,23,22,18,18,1,5,10,12
TUR,bursa,"20230410","2",4,0,0,0,0,0,3,13,26,30,20,16,14,18,26,34,34,42,56,54,7,7,6,6
TUR,bursa,"20230411","3",1,0,0,0,0,0,0,9,23,29,17,14,16,18,29,33,34,42,56,53,6,7,6,6
TUR,bursa,"20230412","4",1,0,0,0,0,0,2,13,26,30,17,16,17,23,31,34,35,37,67,67,11,8,7,7
TUR,bursa,"20230413","5",2,0,0,0,0,0,0,8,21,25,13,11,13,16,24,30,36,43,61,61,13,9,9,10
TUR,bursa,"20230414","6",7,0,0,0,0,0,0,10,23,25,14,14,15,15,31,39,43,50,75,76,22,12,11,15
TUR,bursa,"20230415","7",11,1,0,0,0,0,0,2,3,5,8,12,18,28,41,47,50,48,36,31,5,14,14,21
TUR,bursa,"20230416","1",19,9,0,0,0,0,0,0,0,0,0,0,5,11,23,31,33,31,23,20,0,8,15,19
TUR,bursa,"20230417","2",13,0,0,0,0,0,0,7,11,11,14,18,22,24,37,42,43,51,66,61,11,14,10,18
TUR,bursa,"20230418","3",13,3,0,0,0,0,0,7,9,10,11,15,18,26,54,57,46,40,57,62,18,14,10,10
TUR,bursa,"20230419","4",4,0,0,0,0,0,0,5,8,8,11,17,23,26,41,45,47,53,62,56,11,22,20,13
TUR,bursa,"20230420","5",8,0,0,0,0,0,0,0,0,2,7,15,27,39,44,44,41,34,21,15,1,15,15,12
TUR,bursa,"20230421","6",7,0,0,0,0,0,0,0,0,0,0,0,6,9,35,50,52,50,44,36,29,25,19,17
TUR,bursa,"20230422","7",8,0,0,0,0,0,0,0,0,0,0,3,14,33,59,70,69,63,51,42,35,28,16,13
TUR,bursa,"20230423","1",8,0,0,0,0,0,0,0,0,0,0,1,10,32,55,65,66,65,54,49,39,33,31,25
TUR,bursa,"20230424","2",18,2,0,0,0,0,0,14,26,26,12,10,12,16,21,24,27,35,49,47,16,6,4,3
TUR,bursa,"20230425","3",0,0,0,0,0,0,0,12,26,30,16,13,18,18,22,25,29,32,49,49,23,13,6,5
TUR,bursa,"20230426","4",0,0,0,0,0,0,0,11,26,28,16,13,16,23,35,39,43,50,71,69,33,12,5,4
TUR,bursa,"20230427","5",0,0,0,0,0,0,1,14,32,37,23,17,19,24,31,35,37,42,54,52,20,9,7,6
TUR,bursa,"20230428","6",2,0,0,0,0,0,0,11,22,24,14,13,14,14,28,35,40,45,52,52,22,10,6,6
TUR,bursa,"20230429","7",3,0,0,0,0,0,0,2,4,5,8,12,23,34,44,43,42,41,33,31,19,14,11,12
TUR,bursa,"20230430","1",8,0,0,0,0,0,0,0,0,0,0,1,8,18,29,35,35,31,25,21,18,15,10,9
TUR,bursa,"20230501","2",3,0,0,0,0,0,0,0,0,1,4,10,17,25,37,38,34,33,30,28,16,13,6,5
TUR,bursa,"20230502","3",0,0,0,0,0,0,0,13,32,37,23,17,16,19,26,28,30,37,50,50,19,8,5,4
TUR,bursa,"20230503","4",0,0,0,0,0,0,0,12,30,38,26,25,21,21,26,28,31,37,53,52,22,10,4,4
TUR,bursa,"20230504","5",0,0,0,0,0,0,2,14,32,39,23,15,15,19,26,29,37,54,52,44,15,8,5,4
TUR,bursa,"20230505","6",1,0,0,0,0,0,0,13,29,32,20,15,15,15,27,35,40,52,69,69,31,17,8,7
TUR,bursa,"20230506","7",3,0,0,0,0,0,0,5,6,7,8,12,23,35,44,48,45,45,43,35,27,20,15,15
TUR,bursa,"20230507","1",12,3,0,0,0,0,0,0,0,0,0,0,5,12,21,25,27,24,22,19,13,10,10,8
TUR,bursa,"20230508","2",0,0,0,0,0,0,0,13,27,30,20,14,16,19,27,29,32,37,49,47,16,6,4,4
TUR,bursa,"20230509","3",2,0,0,0,0,0,0,11,27,32,20,15,15,19,26,29,31,37,48,47,18,7,4,4
TUR,bursa,"20230510","4",0,0,0,0,0,0,0,13,29,33,21,14,14,21,36,39,40,43,53,49,15,7,4,5
TUR,bursa,"20230511","5",1,0,0,0,0,0,0,12,26,30,17,15,16,20,25,27,32,37,51,50,30,11,5,6
TUR,bursa,"20230512","6",1,0,0,0,0,0,0,14,29,34,20,18,22,22,31,36,40,46,61,62,29,10,6,6
TUR,bursa,"20230513","7",3,0,0,0,0,0,0,4,4,5,8,11,21,34,45,51,49,45,38,34,26,19,14,11
TUR,bursa,"20230514","1",6,0,0,0,0,0,0,0,0,0,0,1,5,12,22,25,24,12,8,3,1,2,4,5
TUR,bursa,"20230515","2",0,0,0,0,0,0,0,10,15,14,10,12,12,16,25,26,26,30,49,49,19,9,4,4
TUR,bursa,"20230516","3",0,0,0,0,0,0,0,12,30,34,19,14,13,16,22,24,26,36,62,59,19,8,4,5
TUR,bursa,"20230517","4",5,2,0,0,0,0,4,18,38,42,26,18,15,16,22,25,30,35,46,45,15,8,8,11
TUR,bursa,"20230518","5",7,0,0,0,0,0,1,13,27,30,17,13,13,18,25,30,37,45,68,70,40,18,11,10
TUR,bursa,"20230519","6",7,0,0,0,0,0,0,2,2,4,7,11,16,19,32,40,40,37,24,22,15,13,8,7
TUR,bursa,"20230520","7",4,0,0,0,0,0,0,0,1,3,5,8,16,27,38,41,40,34,28,21,16,12,10,9
TUR,bursa,"20230521","1",6,0,0,0,0,0,0,0,0,0,0,0,4,8,18,21,22,21,19,18,12,11,8,8
TUR,bursa,"20230522","2",0,0,0,0,0,0,0,11,30,34,19,14,14,18,26,29,31,33,43,42,13,6,3,3
TUR,bursa,"20230523","3",0,0,0,0,0,0,0,12,27,32,18,18,13,17,23,25,28,33,44,41,13,6,3,4
TUR,bursa,"20230524","4",0,0,0,0,0,0,0,11,29,33,16,13,14,17,27,28,28,34,49,47,17,7,4,4
TUR,bursa,"20230525","5",1,0,0,0,0,0,0,11,26,30,15,13,13,15,21,26,29,39,58,57,21,9,5,7
TUR,bursa,"20230526","6",5,0,0,0,0,0,0,12,25,28,14,13,14,13,30,34,37,42,59,58,26,13,8,8
TUR,bursa,"20230527","7",5,0,0,0,0,0,0,2,5,7,8,11,20,34,42,43,41,37,33,30,25,16,10,14
TUR,bursa,"20230528","1",14,1,0,0,0,0,0,0,0,0,0,1,5,10,20,23,21,16,8,9,27,43,43,36
TUR,bursa,"20230529","2",23,4,0,0,0,0,0,11,18,17,12,14,16,19,27,30,28,31,49,47,16,6,3,4
TUR,bursa,"20230530","3",0,0,0,0,0,0,0,11,31,34,21,19,13,18,22,23,26,33,46,44,15,5,12,16
TUR,bursa,"20230531","4",5,0,0,0,0,0,0,11,26,29,15,14,13,17,26,29,31,34,46,45,19,8,5,6
TUR,bursa,"20230601","5",1,0,0,0,0,0,0,12,28,31,17,14,13,18,22,24,27,34,50,49,22,10,7,7
TUR,bursa,"20230602","6",2,0,0,0,0,0,0,15,30,33,17,14,13,14,25,33,37,43,63,65,51,21,8,7
TUR,bursa,"20230603","7",3,0,0,0,0,0,0,4,6,7,8,11,17,28,38,43,45,42,32,22,15,12,10,12
TUR,bursa,"20230604","1",8,0,0,0,0,0,0,0,0,0,0,2,8,17,20,26,24,20,15,11,10,6,8,6
TUR,bursa,"20230605","2",0,0,0,0,0,0,0,13,28,29,18,14,14,17,25,27,30,36,49,49,18,7,5,6
TUR,bursa,"20230606","3",0,0,0,0,0,0,0,14,32,35,21,17,16,17,24,26,31,37,51,50,23,10,8,6
TUR,bursa,"20230607","4",4,0,0,0,0,0,0,16,32,34,20,17,15,17,22,26,30,36,56,55,23,10,7,6
TUR,bursa,"20230608","5",3,0,0,0,0,0,0,12,28,31,18,16,15,17,25,28,30,36,52,50,23,11,8,8
TUR,bursa,"20230609","6",9,1,0,0,0,0,0,16,27,28,15,14,14,14,26,32,36,40,51,51,23,11,8,8
TUR,bursa,"20230610","7",4,0,0,0,0,0,0,4,6,7,14,16,20,29,40,42,40,40,34,31,25,18,17,13
TUR,bursa,"20230611","1",8,3,0,0,0,0,0,0,0,0,0,2,6,11,18,21,20,19,19,16,14,14,16,15
TUR,bursa,"20230612","2",5,0,0,0,0,0,0,15,33,34,20,16,16,20,27,31,31,37,51,50,19,7,6,5
TUR,bursa,"20230613","3",0,0,0,0,0,0,0,12,27,30,20,16,15,17,24,27,31,34,48,45,18,7,6,5
TUR,bursa,"20230614","4",1,0,0,0,0,0,0,12,24,25,18,16,15,18,25,29,29,36,54,54,25,10,7,9
TUR,bursa,"20230615","5",6,0,0,0,0,0,0,16,27,29,19,17,18,19,24,28,32,37,55,55,24,12,8,7
TUR,bursa,"20230616","6",3,0,0,0,0,0,0,13,28,31,19,22,27,24,31,35,36,37,56,57,30,19,11,11
TUR,bursa,"20230617","7",9,0,0,0,0,0,0,4,18,31,21,11,26,61,63,62,66,70,58,42,26,11,9,8
TUR,bursa,"20230618","1",4,0,0,0,0,0,0,0,0,1,0,1,6,37,45,39,33,27,24,22,15,8,11,9
TUR,bursa,"20230619","2",2,0,0,0,0,0,0,14,23,22,15,17,17,19,28,31,30,31,50,49,21,8,6,5
TUR,bursa,"20230620","3",2,0,0,0,0,0,0,12,20,21,17,19,18,20,29,31,30,34,56,57,30,14,8,6
TUR,bursa,"20230621","4",3,0,0,0,0,0,0,12,19,19,17,20,19,21,35,36,33,33,58,57,29,15,9,9
TUR,bursa,"20230622","5",5,0,0,0,0,0,0,13,21,21,16,18,18,19,28,31,30,38,59,59,31,17,12,10
TUR,bursa,"20230623","6",6,0,0,0,0,0,0,14,20,21,17,19,19,18,30,42,53,59,82,84,62,33,18,12
TUR,bursa,"20230624","7",8,2,0,0,0,0,0,5,10,20,24,30,36,40,38,41,45,49,49,47,34,19,14,12
TUR,bursa,"20230625","1",9,2,0,0,0,0,0,0,0,0,0,1,4,6,11,13,11,11,10,11,11,10,10,10
TUR,bursa,"20230626","2",5,0,0,0,0,0,0,0,3,5,9,13,17,19,29,32,30,28,25,25,15,10,9,6
TUR,bursa,"20230627","3",5,1,0,0,0,0,0,0,0,1,4,7,12,14,17,18,18,17,14,11,8,6,7,5
TUR,bursa,"20230628","4",3,0,0,0,0,0,0,0,0,0,0,0,0,1,5,7,8,7,7,7,10,12,12,8
TUR,bursa,"20230629","5",5,0,0,0,0,0,0,0,0,0,0,0,2,5,15,21,22,19,17,15,12,9,8,4
TUR,bursa,"20230630","6",3,0,0,0,0,0,0,0,0,0,0,1,5,7,18,25,23,21,17,15,14,14,13,8
TUR,bursa,"20230701","7",6,0,0,0,0,0,0,0,0,0,0,0,3,6,11,15,13,15,21,21,22,27,26,22
TUR,bursa,"20230702","1",16,1,0,0,0,0,0,0,0,0,0,0,1,2,6,9,6,7,7,7,7,9,10,7
TUR,bursa,"20230703","2",3,0,0,0,0,0,0,11,17,17,12,14,14,17,24,26,25,27,45,45,18,9,6,5
TUR,bursa,"20230704","3",2,0,0,0,0,0,0,11,16,16,14,15,14,14,22,24,22,25,42,42,19,12,7,6
TUR,bursa,"20230705","4",3,0,0,0,0,0,0,10,17,16,14,18,20,21,23,23,24,29,53,51,23,14,8,7
TUR,bursa,"20230706","5",4,0,0,0,0,0,0,10,15,14,12,14,14,15,22,25,23,28,49,48,26,13,10,9
TUR,bursa,"20230707","6",5,0,0,0,0,0,0,11,17,16,14,16,16,13,24,31,31,32,52,55,38,21,13,11
TUR,bursa,"20230708","7",10,1,0,0,0,0,0,4,6,9,18,18,17,25,34,37,38,37,32,32,33,21,14,16
TUR,bursa,"20230709","1",12,2,0,0,0,0,0,0,0,0,0,0,2,7,19,27,26,18,13,12,11,9,12,12
TUR,bursa,"20230710","2",6,0,0,0,0,0,0,13,20,19,15,16,16,17,26,28,27,32,54,54,26,12,7,6
TUR,bursa,"20230711","3",5,0,0,0,0,0,0,11,19,18,14,15,21,19,23,24,25,33,55,55,26,13,9,8
TUR,bursa,"20230712","4",4,0,0,0,0,0,0,11,17,16,14,14,15,16,23,23,23,27,47,47,23,13,10,8
TUR,bursa,"20230713","5",4,0,0,0,0,0,0,10,16,15,16,16,13,14,20,21,21,27,49,49,23,14,11,13
TUR,bursa,"20230714","6",7,0,0,0,0,0,0,12,17,16,13,15,15,15,22,26,26,30,50,51,35,22,17,15
TUR,bursa,"20230715","7",9,1,0,0,0,0,0,1,3,5,7,8,11,15,18,18,22,23,22,28,29,25,23,18
TUR,bursa,"20230716","1",13,9,0,0,0,0,0,0,0,0,0,0,6,8,7,9,10,11,14,18,17,19,19,19
TUR,bursa,"20230717","2",10,0,0,0,0,0,0,13,21,20,14,14,15,15,24,25,23,30,46,48,22,10,8,7
TUR,bursa,"20230718","3",3,0,0,0,0,0,0,13,23,22,17,17,15,14,21,22,22,26,44,44,21,11,8,9
TUR,bursa,"20230719","4",5,0,0,0,0,0,0,12,18,17,16,15,14,15,21,23,23,28,48,48,22,14,10,10
TUR,bursa,"20230720","5",6,0,0,0,0,0,0,12,18,17,16,18,16,15,19,23,23,27,47,47,27,17,11,9
TUR,bursa,"20230721","6",5,0,0,0,0,0,0,13,20,22,21,19,15,13,21,26,28,31,57,63,55,43,21,11
TUR,bursa,"20230722","7",8,0,0,0,0,0,0,4,5,6,9,10,12,16,20,23,24,24,20,21,20,20,20,20
TUR,bursa,"20230723","1",12,4,0,0,0,0,0,0,0,0,0,0,5,5,6,7,14,15,17,18,21,20,18,16
TUR,bursa,"20230724","2",10,0,0,0,0,0,0,12,18,18,15,16,15,16,23,25,27,29,50,49,21,13,8,8
TUR,bursa,"20230725","3",5,0,0,0,0,0,0,14,19,18,14,15,14,14,19,22,22,26,44,43,19,11,9,8
TUR,bursa,"20230726","4",5,0,0,0,0,0,0,11,19,17,12,13,12,11,16,17,19,20,35,36,17,13,10,9
TUR,bursa,"20230727","5",5,0,0,0,0,0,0,13,16,15,14,14,13,14,20,25,25,28,47,47,20,11,10,10
TUR,bursa,"20230728","6",6,0,0,0,0,0,0,12,17,16,13,15,15,14,24,30,29,34,60,62,40,21,12,14
TUR,bursa,"20230729","7",15,8,0,0,0,0,0,4,4,6,8,10,13,17,25,31,31,31,28,25,22,20,17,15
TUR,bursa,"20230730","1",11,9,0,0,0,0,0,0,0,0,0,0,2,5,7,13,13,12,13,16,13,15,16,16
TUR,bursa,"20230731","2",10,0,0,0,0,0,0,12,17,16,14,15,14,16,25,27,27,29,54,53,23,12,8,6
TUR,bursa,"20230801","3",3,0,0,0,0,0,0,11,16,16,13,14,13,15,20,23,22,26,46,45,20,13,7,7
TUR,bursa,"20230802","4",3,0,0,0,0,0,0,11,13,13,13,14,12,13,18,21,22,25,45,46,23,14,8,6
TUR,bursa,"20230803","5",3,0,0,0,0,0,0,11,15,14,12,12,12,13,19,19,20,24,44,44,21,15,9,8
TUR,bursa,"20230804","6",5,0,0,0,0,0,0,11,16,17,14,14,13,12,21,26,25,30,49,51,35,23,15,11
TUR,bursa,"20230805","7",8,2,0,0,0,0,0,4,5,6,8,10,13,16,23,26,25,25,25,24,23,22,19,15
TUR,bursa,"20230806","1",12,5,0,0,0,0,0,0,0,0,0,1,4,6,9,10,10,12,14,15,20,21,18,18
TUR,bursa,"20230807","2",11,0,0,0,0,0,0,12,18,17,14,16,16,15,23,23,24,30,55,55,30,15,8,6
TUR,bursa,"20230808","3",3,0,0,0,0,0,0,10,15,15,13,14,14,15,22,24,24,28,42,40,18,10,6,5
TUR,bursa,"20230809","4",2,0,0,0,0,0,0,10,15,15,13,15,15,16,25,27,26,29,49,50,25,13,7,6
TUR,bursa,"20230810","5",2,0,0,0,0,0,0,10,14,13,12,13,14,16,22,26,26,30,51,49,30,15,6,7
TUR,bursa,"20230811","6",3,0,0,0,0,0,0,9,13,13,13,17,18,17,26,32,33,34,50,50,27,17,8,9
TUR,bursa,"20230812","7",7,3,0,0,0,0,0,2,4,6,7,10,14,23,33,37,38,37,30,23,20,19,12,12
TUR,bursa,"20230813","1",10,4,0,0,0,0,0,0,0,0,0,0,4,6,9,13,14,14,19,20,21,21,15,10
TUR,bursa,"20230814","2",3,0,0,0,0,0,0,10,17,17,14,14,14,17,25,28,27,32,49,47,20,10,5,4
TUR,bursa,"20230815","3",1,0,0,0,0,0,0,9,13,13,12,12,13,16,28,32,34,36,52,52,24,13,6,5
TUR,bursa,"20230816","4",2,0,0,0,0,0,0,9,15,15,12,14,15,14,22,23,23,28,50,54,35,17,7,6
TUR,bursa,"20230817","5",3,0,0,0,0,0,0,9,13,13,11,14,13,13,18,22,24,28,47,47,24,17,7,8
TUR,bursa,"20230818","6",5,0,0,0,0,0,0,9,14,14,12,13,13,12,26,28,27,31,52,53,37,22,9,10
TUR,bursa,"20230819","7",10,4,0,0,0,0,0,2,4,6,8,10,14,23,27,31,32,31,29,28,28,27,13,10
TUR,bursa,"20230820","1",8,4,0,0,0,0,0,0,0,0,0,0,4,6,9,12,19,20,22,26,27,25,23,15
TUR,bursa,"20230821","2",7,0,0,0,0,0,0,11,19,19,15,14,15,16,25,26,27,31,52,51,24,13,6,5
TUR,bursa,"20230822","3",3,0,0,0,0,0,0,9,15,15,12,13,14,14,21,25,26,28,47,46,24,14,8,6
TUR,bursa,"20230823","4",3,0,0,0,0,0,0,10,17,17,14,13,13,14,21,21,24,30,49,50,26,15,7,6
TUR,bursa,"20230824","5",2,0,0,0,0,0,0,10,15,15,13,13,14,15,23,25,24,28,48,49,29,18,8,7
TUR,bursa,"20230825","6",4,0,0,0,0,0,0,10,19,18,11,13,13,12,24,29,31,35,56,59,43,29,11,10
TUR,bursa,"20230826","7",9,3,0,0,0,0,0,4,4,6,8,10,13,18,26,27,30,30,28,25,29,26,12,13
TUR,bursa,"20230827","1",14,6,0,0,0,0,0,0,0,0,0,0,2,5,10,11,13,13,14,21,25,23,14,12
TUR,bursa,"20230828","2",8,0,0,0,0,0,0,11,20,20,14,14,15,17,25,26,27,29,46,45,20,11,6,5
TUR,bursa,"20230829","3",2,0,0,0,0,0,0,10,19,21,17,14,12,15,25,27,26,30,52,54,30,19,6,5
TUR,bursa,"20230830","4",3,0,0,0,0,0,0,3,17,18,11,11,10,12,17,18,19,18,21,22,26,24,14,17
TUR,bursa,"20230831","5",14,0,0,0,0,0,0,14,27,28,19,14,13,15,22,22,22,28,45,45,24,13,7,7
TUR,bursa,"20230901","6",3,0,0,0,0,0,0,11,14,14,12,14,14,12,25,31,31,31,49,49,32,21,8,9
TUR,bursa,"20230902","7",5,0,0,0,0,0,0,3,4,5,8,10,15,19,27,32,47,50,44,27,23,15,8,8
TUR,bursa,"20230903","1",6,1,0,0,0,0,0,0,0,0,0,3,7,8,12,19,23,28,27,30,30,22,16,11
TUR,bursa,"20230904","2",3,0,0,0,0,0,0,12,24,26,19,13,13,17,25,29,28,32,45,44,21,9,5,5
TUR,bursa,"20230905","3",1,0,0,0,0,0,0,11,23,25,16,12,13,17,24,30,30,29,49,49,33,12,6,6
TUR,bursa,"20230906","4",2,0,0,0,0,0,0,11,19,22,16,13,16,21,23,25,26,30,50,49,28,13,6,6
TUR,bursa,"20230907","5",3,0,0,0,0,0,0,11,20,22,16,13,14,18,24,26,28,33,52,51,32,17,10,13
TUR,bursa,"20230908","6",6,0,0,0,0,0,3,11,19,20,15,13,15,14,26,35,35,50,83,88,85,54,14,9
TUR,bursa,"20230909","7",4,0,0,0,0,0,0,3,5,6,8,11,15,23,30,36,40,39,34,31,37,29,13,12
TUR,bursa,"20230910","1",10,0,0,0,0,0,0,0,0,0,0,1,6,10,14,19,26,26,23,24,27,19,12,11
TUR,bursa,"20230911","2",2,0,0,0,0,0,0,17,53,59,36,20,14,16,21,26,30,36,52,50,21,10,5,4
TUR,bursa,"20230912","3",0,0,0,0,0,0,0,18,47,49,26,15,14,15,21,24,26,32,46,44,22,9,6,5
TUR,bursa,"20230913","4",1,0,0,0,0,0,0,14,34,35,16,13,13,16,22,25,29,35,49,46,22,11,6,5
TUR,bursa,"20230914","5",1,0,0,0,0,0,0,15,37,39,18,13,12,14,18,23,26,32,45,43,23,10,6,6
TUR,bursa,"20230915","6",2,0,0,0,0,0,0,14,35,37,21,15,15,15,23,29,35,42,58,58,37,21,8,7
TUR,bursa,"20230916","7",4,0,0,0,0,0,0,3,5,6,8,11,17,23,32,39,43,43,41,37,40,25,12,13
TUR,bursa,"20230917","1",9,1,0,0,0,0,0,0,0,0,0,1,4,9,16,23,24,22,19,23,25,15,10,9
TUR,bursa,"20230918","2",2,0,0,0,0,0,1,15,38,39,19,15,14,16,24,26,29,36,50,50,24,7,5,4
TUR,bursa,"20230919","3",0,0,0,0,0,0,1,15,37,37,18,13,12,15,21,23,26,34,51,50,24,8,5,4
TUR,bursa,"20230920","4",0,0,0,0,0,0,0,15,37,38,19,16,12,14,19,23,26,35,50,50,25,7,7,7
TUR,bursa,"20230921","5",0,0,0,0,0,0,1,13,32,35,16,13,13,14,19,23,27,33,46,45,24,8,7,7
TUR,bursa,"20230922","6",1,0,0,0,0,0,1,14,31,32,14,13,14,13,22,27,32,38,54,55,36,15,7,7
TUR,bursa,"20230923","7",4,0,0,0,0,0,0,3,5,7,8,10,16,24,32,38,35,32,31,34,35,22,11,9
TUR,bursa,"20230924","1",8,2,0,0,0,0,0,0,0,0,0,0,5,8,13,18,16,16,15,21,23,15,10,8
TUR,bursa,"20230925","2",1,0,0,0,0,0,0,18,40,40,21,14,13,16,22,25,26,33,47,46,23,8,4,4
TUR,bursa,"20230926","3",0,0,0,0,0,0,1,15,35,37,20,13,13,15,21,24,26,37,56,57,31,10,6,5
TUR,bursa,"20230927","4",1,0,0,0,0,0,1,14,33,35,16,13,15,17,20,22,29,37,52,51,24,9,6,5
TUR,bursa,"20230928","5",1,0,0,0,0,0,7,28,47,48,21,12,12,14,20,26,30,37,49,49,28,8,5,5
TUR,bursa,"20230929","6",1,0,0,0,0,0,1,15,30,32,14,13,13,11,24,28,33,46,66,71,49,19,7,7
TUR,bursa,"20230930","7",3,0,0,0,0,0,1,4,6,7,9,14,22,30,41,43,40,38,36,31,29,14,11,11
TUR,bursa,"20231001","1",9,1,0,0,0,0,0,1,0,0,4,4,7,16,27,36,33,31,30,28,29,15,15,15
TUR,bursa,"20231002","2",7,0,0,0,0,0,4,20,42,43,24,17,14,16,30,33,31,41,53,53,23,5,3,2
TUR,bursa,"20231003","3",0,0,0,0,0,0,1,14,32,34,20,15,13,17,23,27,27,36,55,56,26,7,3,3
TUR,bursa,"20231004","4",0,0,0,0,0,0,1,14,35,36,19,14,14,16,22,23,26,35,54,54,26,10,7,5
TUR,bursa,"20231005","5",0,0,0,0,0,0,0,15,35,36,18,13,13,16,21,24,28,37,55,55,37,11,6,6
TUR,bursa,"20231006","6",4,0,0,0,0,0,1,14,33,34,16,15,15,13,25,31,38,44,65,70,45,15,8,8
TUR,bursa,"20231007","7",5,0,0,0,0,0,0,4,7,9,9,13,18,32,41,43,40,41,40,41,37,18,9,8
TUR,bursa,"20231008","1",5,0,0,0,0,0,0,0,0,0,0,1,4,10,19,22,22,21,21,25,22,15,8,5
TUR,bursa,"20231009","2",0,0,0,0,0,0,4,18,42,44,23,14,14,17,22,25,27,34,52,52,21,7,3,3
TUR,bursa,"20231010","3",0,0,0,0,0,0,1,15,39,42,22,14,12,16,22,24,29,39,54,55,27,8,4,4
TUR,bursa,"20231011","4",0,0,0,0,0,0,1,14,37,40,23,15,13,19,25,28,31,40,58,58,29,10,4,4
TUR,bursa,"20231012","5",0,0,0,0,0,0,1,14,37,40,20,14,13,16,20,24,28,39,58,59,31,9,5,4
TUR,bursa,"20231013","6",0,0,0,0,0,0,1,15,34,35,16,13,13,12,24,28,35,44,68,70,50,21,10,8
TUR,bursa,"20231014","7",2,0,0,0,0,0,0,4,6,7,9,11,17,31,41,45,43,44,40,40,38,22,11,10
TUR,bursa,"20231015","1",5,0,0,0,0,0,0,0,0,0,0,1,5,13,21,29,30,33,38,43,40,30,22,16
TUR,bursa,"20231016","2",6,0,0,0,0,0,0,15,36,36,19,14,13,18,23,29,33,41,57,56,22,5,6,8
TUR,bursa,"20231017","3",4,0,0,0,0,0,1,13,34,36,20,14,12,16,21,23,27,35,49,51,22,5,3,3
TUR,bursa,"20231018","4",0,0,0,0,0,0,4,17,33,34,15,13,13,18,21,24,30,38,54,54,25,14,8,5
TUR,bursa,"20231019","5",0,0,0,0,0,0,1,14,30,32,16,14,12,16,20,24,27,36,52,53,24,6,4,4
TUR,bursa,"20231020","6",0,0,0,0,0,0,1,15,32,33,16,13,12,13,25,30,35,47,68,72,44,15,8,7
TUR,bursa,"20231021","7",2,0,0,0,0,0,0,4,5,11,11,11,19,33,42,43,42,41,44,44,29,8,8,7
TUR,bursa,"20231022","1",5,0,0,0,0,0,0,0,0,0,0,1,5,14,22,25,23,23,27,29,25,14,10,7
TUR,bursa,"20231023","2",0,0,0,0,0,0,1,15,34,36,17,14,14,16,22,25,26,34,54,53,18,4,3,3
TUR,bursa,"20231024","3",0,0,0,0,0,0,1,14,35,38,19,14,12,16,21,23,27,34,55,55,22,4,4,3
TUR,bursa,"20231025","4",0,0,0,0,0,0,1,14,31,33,17,13,12,16,19,23,29,38,62,63,28,5,3,3
TUR,bursa,"20231026","5",0,0,0,0,0,0,0,18,37,39,16,11,11,15,21,23,30,44,62,62,33,11,5,5
TUR,bursa,"20231027","6",0,0,0,0,0,0,1,15,32,33,16,12,12,12,26,29,35,41,70,73,42,13,7,7
TUR,bursa,"20231028","7",2,0,0,0,0,0,0,4,4,6,8,11,19,32,37,37,34,35,34,35,28,11,8,7
TUR,bursa,"20231029","1",3,0,0,0,0,0,0,0,0,0,0,2,8,10,15,19,21,22,34,40,28,16,13,7
TUR,bursa,"20231030","2",2,0,0,0,0,0,1,13,19,16,11,11,13,17,22,25,23,27,52,52,17,5,2,2
TUR,bursa,"20231031","3",0,0,0,0,0,0,0,14,33,35,17,12,12,14,18,21,26,31,51,50,17,4,4,4
TUR,bursa,"20231101","4",0,0,0,0,0,0,1,14,34,38,17,14,14,15,20,24,25,34,59,58,19,4,4,3
TUR,bursa,"20231102","5",0,0,0,0,0,0,0,16,32,34,16,11,12,22,37,42,47,52,69,77,52,14,5,4
TUR,bursa,"20231103","6",0,0,0,0,0,0,1,15,30,33,17,12,12,12,23,27,37,47,73,75,34,9,6,6
TUR,bursa,"20231104","7",2,0,0,0,0,0,0,4,5,7,8,12,21,29,38,39,38,39,40,41,24,9,8,8
TUR,bursa,"20231105","1",8,7,0,0,0,0,0,1,0,0,0,0,5,13,21,26,30,29,25,26,18,6,4,4
TUR,bursa,"20231106","2",0,0,0,0,0,0,1,15,35,38,26,17,13,15,21,25,29,35,59,61,23,3,2,3
TUR,bursa,"20231107","3",0,0,0,0,0,0,0,14,35,39,20,13,13,15,20,23,28,37,58,56,18,4,2,2
TUR,bursa,"20231108","4",0,0,0,0,0,0,0,14,32,35,18,14,12,15,21,23,28,40,63,62,21,7,6,2
TUR,bursa,"20231109","5",1,0,0,0,0,0,2,27,57,60,30,18,17,20,25,25,29,36,59,56,20,4,3,2
TUR,bursa,"20231110","6",0,0,0,0,0,0,1,16,38,37,18,12,13,13,25,30,36,46,77,81,44,11,7,7
TUR,bursa,"20231111","7",3,0,0,0,0,0,0,5,8,9,8,12,18,41,48,42,43,49,48,49,31,10,6,6
TUR,bursa,"20231112","1",6,10,5,0,0,0,0,0,0,0,0,0,4,11,24,31,33,34,34,33,13,4,4,3
TUR,bursa,"20231113","2",0,0,0,0,0,0,4,17,20,17,13,17,22,29,36,36,43,63,94,90,36,9,5,4
TUR,bursa,"20231114","3",1,0,0,0,0,0,1,13,19,18,13,14,15,20,31,33,31,40,71,71,33,6,3,3
TUR,bursa,"20231115","4",0,0,0,0,0,0,1,12,18,18,12,14,17,22,33,39,35,43,79,81,45,10,4,4
TUR,bursa,"20231116","5",0,0,0,0,0,0,6,20,27,30,21,15,17,19,28,29,27,34,62,61,27,6,5,4
TUR,bursa,"20231117","6",0,0,0,0,0,0,0,13,17,15,10,14,15,14,32,35,33,41,76,77,45,12,5,5
TUR,bursa,"20231118","7",2,0,0,0,0,0,0,5,4,5,13,21,23,28,42,46,54,55,52,40,25,12,11,12
TUR,bursa,"20231119","1",8,3,0,0,0,0,0,2,0,0,2,4,11,18,29,41,45,41,31,30,17,7,3,3
TUR,bursa,"20231120","2",0,0,0,0,0,0,1,17,36,38,18,14,14,17,24,27,34,44,66,63,20,4,2,3
TUR,bursa,"20231121","3",0,0,0,0,0,0,1,16,34,37,22,14,14,19,24,27,31,43,66,65,23,5,2,2
TUR,bursa,"20231122","4",0,0,0,0,0,0,0,12,32,34,19,14,14,17,21,24,29,43,64,61,19,5,6,7
TUR,bursa,"20231123","5",5,0,0,0,0,0,6,24,44,45,21,13,14,19,22,25,30,41,67,66,23,6,3,4
TUR,bursa,"20231124","6",0,0,0,0,0,0,1,15,30,32,18,15,14,14,29,33,46,61,83,84,57,18,7,7
TUR,bursa,"20231125","7",3,0,0,0,0,0,0,6,6,7,9,12,26,38,45,46,50,56,47,40,24,10,8,11
TUR,bursa,"20231126","1",5,0,0,0,0,0,0,1,0,0,0,2,7,14,22,31,37,32,23,22,13,5,7,5
TUR,bursa,"20231127","2",1,0,0,0,0,0,2,19,39,41,22,19,18,18,23,28,30,38,54,52,16,2,2,2
TUR,bursa,"20231128","3",0,0,0,0,0,0,1,14,30,32,18,14,14,17,23,29,40,54,73,72,29,8,8,8
TUR,bursa,"20231129","4",6,3,0,0,0,0,5,19,22,22,15,15,16,20,28,28,27,37,62,59,21,4,6,8
TUR,bursa,"20231130","5",5,1,2,0,0,0,3,18,32,35,20,14,13,17,23,26,31,39,61,60,24,4,3,4
TUR,bursa,"20231201","6",0,0,0,0,0,0,1,18,31,34,20,15,13,13,27,32,38,49,74,75,36,9,5,6
TUR,bursa,"20231202","7",2,0,0,0,0,0,0,6,5,8,10,12,20,34,46,48,49,53,53,51,35,15,15,12
TUR,bursa,"20231203","1",7,0,0,0,0,0,0,0,0,0,0,0,4,10,21,28,29,29,28,25,13,5,4,4
TUR,bursa,"20231204","2",0,0,0,0,0,0,0,16,32,34,17,22,29,29,27,36,39,47,69,68,25,4,4,3
TUR,bursa,"20231205","3",0,0,0,0,0,0,1,17,32,35,18,14,13,18,24,27,32,46,68,65,20,4,3,4
TUR,bursa,"20231206","4",0,0,0,0,0,0,0,16,30,32,19,19,13,17,21,23,37,63,78,75,29,6,4,5
TUR,bursa,"20231207","5",2,0,0,0,0,0,2,18,33,36,19,13,16,20,29,30,46,52,63,61,24,9,9,10
TUR,bursa,"20231208","6",4,0,0,0,0,0,5,23,37,39,19,13,13,13,28,33,44,63,90,90,51,14,8,7
TUR,bursa,"20231209","7",3,0,0,0,0,0,2,9,14,20,17,20,24,38,50,53,54,54,49,42,20,6,11,12
TUR,bursa,"20231210","1",3,0,0,0,0,0,0,0,0,0,0,0,5,16,28,42,48,48,39,28,12,5,4,2
TUR,bursa,"20231211","2",0,0,0,0,0,0,1,16,32,35,18,14,14,20,27,32,34,41,60,57,18,3,2,2
TUR,bursa,"20231212","3",0,0,0,0,0,0,1,16,32,36,18,16,16,16,21,25,29,36,55,52,17,3,3,2
TUR,bursa,"20231213","4",0,0,0,0,0,0,1,15,33,36,20,15,18,19,24,26,31,42,64,62,20,4,2,3
TUR,bursa,"20231214","5",0,0,0,0,0,0,1,14,31,34,18,14,13,16,24,26,29,39,62,59,17,5,4,4
TUR,bursa,"20231215","6",0,0,0,0,0,0,1,16,29,32,16,14,14,12,26,31,37,48,73,72,34,12,5,5
TUR,bursa,"20231216","7",2,0,0,0,0,0,0,5,5,9,11,13,27,40,54,54,45,44,42,36,26,15,10,9
TUR,bursa,"20231217","1",6,0,0,0,0,0,0,0,0,0,0,0,2,8,21,29,30,29,26,22,9,5,3,2
TUR,bursa,"20231218","2",0,0,0,0,0,0,1,15,31,34,22,21,26,30,33,41,42,48,66,64,21,3,1,1
TUR,bursa,"20231219","3",0,0,0,0,0,0,1,15,33,37,26,17,15,17,28,29,34,43,65,61,19,3,2,2
TUR,bursa,"20231220","4",0,0,0,0,0,0,1,14,31,35,20,16,15,19,26,28,38,44,64,61,19,4,5,3
TUR,bursa,"20231221","5",0,0,0,0,0,0,1,15,34,37,17,14,13,17,24,29,30,40,63,64,28,9,6,7
TUR,bursa,"20231222","6",2,0,0,0,0,0,3,19,34,37,21,17,16,14,28,36,52,74,104,101,57,18,8,7
TUR,bursa,"20231223","7",3,0,0,0,0,0,0,5,6,10,10,14,21,35,46,54,53,48,45,44,31,19,7,7
TUR,bursa,"20231224","1",4,0,0,0,0,0,0,0,0,0,0,0,3,9,22,28,27,28,26,22,6,4,3,2
TUR,bursa,"20231225","2",0,0,0,0,0,0,1,15,31,33,18,16,16,20,30,32,37,47,67,64,19,4,2,2
TUR,bursa,"20231226","3",0,0,0,0,0,0,0,14,31,35,19,18,16,20,28,32,37,46,66,63,21,5,2,2
TUR,bursa,"20231227","4",0,0,0,0,0,0,0,14,30,33,16,14,14,19,27,31,35,46,65,64,31,5,3,3
TUR,bursa,"20231228","5",0,0,0,0,0,0,0,16,31,33,17,15,16,20,30,33,38,47,67,65,25,6,3,3
TUR,bursa,"20231229","6",0,0,0,0,0,0,0,15,28,30,17,17,20,20,36,46,53,61,85,85,45,12,4,3
TUR,bursa,"20231230","7",0,0,0,0,0,0,0,2,3,5,9,14,23,37,51,55,53,52,48,42,25,13,8,5
TUR,bursa,"20231231","1",4,0,0,0,0,0,0,0,0,0,0,0,3,9,22,27,25,24,23,19,10,6,3,2
TUR,bursa,"20240101","2",0,0,0,0,0,0,0,0,0,0,0,0,2,6,18,22,21,20,21,22,9,2,0,0
TUR,bursa,"20240102","3",0,0,0,0,0,0,0,14,29,30,13,11,12,13,22,27,37,44,62,59,19,7,7,7
TUR,bursa,"20240103","4",0,0,0,0,0,0,2,16,31,33,16,14,13,16,22,24,28,37,49,47,14,4,2,2
TUR,bursa,"20240104","5",0,0,0,0,0,0,0,13,28,29,16,14,12,15,22,25,26,33,50,48,15,4,5,5
TUR,bursa,"20240105","6",0,0,0,0,0,0,3,17,30,33,18,15,15,14,25,32,40,52,69,68,28,7,4,4
TUR,bursa,"20240106","7",0,0,0,0,0,0,0,4,5,6,7,10,15,29,41,41,41,40,36,31,20,8,5,4
TUR,bursa,"20240107","1",1,0,0,0,0,0,0,0,0,0,0,1,9,13,16,16,15,15,10,9,9,3,2,2
TUR,bursa,"20240108","2",0,0,0,0,0,0,0,16,33,34,17,15,16,20,27,27,27,38,52,51,20,5,3,2
TUR,bursa,"20240109","3",0,0,0,0,0,0,2,21,42,45,22,18,18,24,32,32,36,42,57,55,23,7,7,7
TUR,bursa,"20240110","4",1,0,0,0,0,0,3,18,44,47,25,17,16,19,24,25,29,38,46,43,13,2,1,1
TUR,bursa,"20240111","5",0,0,0,0,0,0,0,13,25,27,12,10,12,13,19,21,24,34,44,39,12,3,3,2
TUR,bursa,"20240112","6",0,0,0,0,0,0,0,13,25,27,13,12,15,17,25,28,34,35,49,51,21,16,13,5
TUR,bursa,"20240113","7",0,0,0,0,0,0,0,3,3,5,7,9,16,25,36,40,41,40,33,28,18,7,4,3
TUR,bursa,"20240114","1",0,0,0,0,0,0,0,0,0,0,0,0,2,6,15,20,22,21,18,13,5,1,1,0
TUR,bursa,"20240115","2",0,0,0,0,0,0,0,13,28,30,15,12,11,20,25,26,31,40,52,50,14,4,2,2
TUR,bursa,"20240116","3",2,0,0,0,0,0,5,22,43,47,30,18,14,17,25,35,33,33,48,47,15,4,3,2
TUR,bursa,"20240117","4",0,0,0,0,0,0,1,14,24,25,13,13,13,16,23,25,31,41,65,65,26,5,4,3
TUR,bursa,"20240118","5",0,0,0,0,0,0,1,14,29,32,18,14,13,18,25,26,27,38,51,49,20,5,5,4
TUR,bursa,"20240119","6",0,0,0,0,0,0,2,15,23,24,15,18,22,22,30,34,35,40,61,63,34,9,6,7
TUR,bursa,"20240120","7",2,0,0,0,0,0,0,5,7,10,11,14,19,26,44,56,62,63,56,53,37,17,11,10
TUR,bursa,"20240121","1",8,1,0,0,0,0,0,1,0,0,0,1,5,14,19,26,26,25,19,16,9,3,3,2
TUR,bursa,"20240122","2",0,0,0,0,0,0,2,12,17,17,16,14,16,21,31,33,31,34,54,55,23,4,2,2
TUR,bursa,"20240123","3",0,0,0,0,0,0,2,12,15,14,13,14,17,19,27,29,29,34,58,58,27,6,3,2
TUR,bursa,"20240124","4",0,0,0,0,0,0,2,12,15,15,14,14,14,19,28,30,28,33,58,59,27,6,4,4
TUR,bursa,"20240125","5",0,0,0,0,0,0,2,12,14,13,11,12,14,18,26,28,28,33,50,50,22,6,6,6
TUR,bursa,"20240126","6",1,0,0,0,0,0,4,15,16,14,12,15,15,14,29,35,35,38,64,65,40,17,7,9
TUR,bursa,"20240127","7",8,1,0,0,0,0,2,6,5,6,8,12,19,32,44,50,49,48,54,53,43,25,14,13
TUR,bursa,"20240128","1",11,4,0,0,0,0,0,0,0,0,2,6,10,14,22,26,27,26,21,20,12,4,3,4
TUR,bursa,"20240129","2",1,0,0,0,0,0,4,16,19,16,16,14,15,23,33,35,32,40,57,55,23,6,3,4
TUR,bursa,"20240130","3",0,0,0,0,0,0,2,11,13,13,12,13,13,18,28,30,27,32,53,54,26,6,4,5
TUR,bursa,"20240131","4",1,0,0,0,0,0,2,12,14,13,13,14,15,20,32,35,34,40,62,63,34,9,4,4
TUR,bursa,"20240201","5",0,0,0,0,0,0,2,12,16,18,14,15,17,19,30,34,32,39,65,68,37,10,5,5
TUR,bursa,"20240202","6",1,0,0,0,0,0,1,12,16,14,12,14,16,18,28,36,36,50,70,72,41,10,5,5
TUR,bursa,"20240203","7",2,0,0,0,0,0,3,8,6,7,9,12,20,32,47,54,53,51,45,38,30,12,8,10
TUR,bursa,"20240204","1",7,1,0,0,0,0,0,0,0,0,0,1,6,9,18,25,26,25,24,21,13,8,6,6
TUR,bursa,"20240205","2",1,0,0,0,0,0,2,16,35,39,20,15,13,16,24,28,28,40,57,58,21,5,3,4
TUR,bursa,"20240206","3",0,0,0,0,0,0,1,15,32,36,19,15,15,17,24,28,32,43,61,61,28,8,5,5
TUR,bursa,"20240207","4",1,0,0,0,0,0,1,15,32,37,21,15,15,20,24,27,30,45,64,63,30,7,4,5
TUR,bursa,"20240208","5",1,0,0,0,0,0,1,14,30,33,17,18,16,18,24,25,28,37,56,55,25,8,4,4
TUR,bursa,"20240209","6",1,0,0,0,0,0,1,17,36,40,21,15,14,15,27,36,40,52,72,73,41,16,6,6
TUR,bursa,"20240210","7",3,0,0,0,0,0,0,5,7,9,10,13,23,42,56,56,51,52,50,43,34,16,9,10
TUR,bursa,"20240211","1",7,0,0,0,0,0,0,0,0,0,0,3,7,13,28,33,31,29,26,21,13,6,4,4
TUR,bursa,"20240212","2",0,0,0,0,0,0,1,19,34,36,17,14,14,17,23,34,34,43,67,68,34,11,6,6
TUR,bursa,"20240213","3",2,0,0,0,0,0,2,16,34,38,21,17,15,17,26,29,29,41,53,52,22,7,3,3
TUR,bursa,"20240214","4",0,0,0,0,0,0,2,20,40,43,23,15,14,18,30,41,52,73,96,101,66,23,10,10
TUR,bursa,"20240215","5",5,0,0,0,0,0,5,20,38,42,22,16,18,23,30,37,44,50,57,55,24,8,4,5
TUR,bursa,"20240216","6",1,0,0,0,0,0,1,18,36,38,20,14,14,14,26,33,35,46,60,56,26,10,6,7
TUR,bursa,"20240217","7",3,0,0,0,0,0,0,6,6,7,10,12,20,35,46,49,48,49,45,35,28,13,9,8
TUR,bursa,"20240218","1",4,0,0,0,0,0,0,0,0,0,0,0,4,8,19,26,27,27,22,20,14,6,4,4
TUR,bursa,"20240219","2",0,0,0,0,0,0,1,15,33,35,17,13,13,17,23,26,28,36,47,44,14,4,2,3
TUR,bursa,"20240220","3",0,0,0,0,0,0,0,14,34,39,23,16,14,18,26,27,28,38,56,56,24,7,4,4
TUR,bursa,"20240221","4",0,0,0,0,0,0,0,14,32,36,16,13,13,17,25,27,29,41,55,54,20,5,5,5
TUR,bursa,"20240222","5",0,0,0,0,0,0,0,14,32,35,19,14,14,17,24,25,28,39,52,52,22,6,4,4
TUR,bursa,"20240223","6",0,0,0,0,0,0,1,15,32,35,19,15,14,14,27,33,36,44,65,66,32,10,7,8
TUR,bursa,"20240224","7",2,0,0,0,0,0,0,5,7,8,9,12,20,32,42,46,46,42,36,32,22,11,10,8
TUR,bursa,"20240225","1",3,0,0,0,0,0,0,0,0,0,0,2,5,13,25,28,27,21,24,25,18,9,6,4
TUR,bursa,"20240226","2",0,0,0,0,0,0,1,15,32,35,19,14,14,17,24,26,29,36,48,47,19,4,3,4
TUR,bursa,"20240227","3",0,0,0,0,0,0,1,15,33,36,19,21,24,28,36,36,35,43,53,54,21,5,5,6
TUR,bursa,"20240228","4",0,0,0,0,0,0,1,15,33,36,19,13,14,17,23,25,29,36,49,48,20,6,4,4
TUR,bursa,"20240229","5",0,0,0,0,0,0,1,15,33,37,20,21,25,35,40,42,37,43,61,61,25,7,4,4
TUR,bursa,"20240301","6",0,0,0,0,0,0,1,17,31,33,19,15,14,15,26,33,39,45,58,58,28,10,7,6
TUR,bursa,"20240302","7",2,0,0,0,0,0,0,4,6,7,10,14,21,37,46,48,50,49,40,33,30,15,9,10
TUR,bursa,"20240303","1",7,0,0,0,0,0,0,0,0,3,1,0,7,31,30,34,35,32,27,17,10,5,5,4
TUR,bursa,"20240304","2",0,0,0,0,0,0,1,16,34,36,19,14,13,18,24,27,32,41,53,50,20,6,6,4
TUR,bursa,"20240305","3",0,0,0,0,0,0,1,15,33,36,20,15,17,26,38,39,35,39,50,49,21,8,10,8
TUR,bursa,"20240306","4",3,0,0,0,0,0,2,15,37,43,28,21,16,20,25,28,32,41,55,53,24,7,4,4
TUR,bursa,"20240307","5",0,0,0,0,0,0,1,15,33,36,21,17,20,24,28,31,36,44,60,59,29,11,6,5
TUR,bursa,"20240308","6",1,0,0,0,0,0,3,19,38,43,29,22,24,26,35,45,56,67,81,81,52,18,8,9
TUR,bursa,"20240309","7",5,0,0,0,0,0,0,4,7,8,9,15,25,41,56,58,56,53,45,36,27,17,11,11
TUR,bursa,"20240310","1",6,0,0,0,0,0,0,0,0,0,0,1,6,15,27,32,33,32,27,23,17,7,6,4
TUR,bursa,"20240311","2",0,0,0,0,0,0,2,13,24,26,14,11,12,16,21,27,32,43,64,57,1,1,3,4
TUR,bursa,"20240312","3",0,0,0,0,0,0,2,11,23,26,12,11,12,15,21,28,30,41,64,52,9,8,10,9
TUR,bursa,"20240313","4",3,0,0,0,0,0,5,16,35,40,21,12,12,15,20,31,36,45,58,47,4,3,4,5
TUR,bursa,"20240314","5",1,0,0,0,0,0,4,12,24,27,13,12,14,17,26,28,32,56,75,61,6,9,11,8
TUR,bursa,"20240315","6",4,0,0,0,0,0,6,15,27,30,16,12,12,12,27,35,41,54,74,65,7,6,6,6
TUR,bursa,"20240316","7",2,0,0,0,0,0,1,4,2,5,8,9,17,27,39,48,50,46,35,31,8,9,11,13
TUR,bursa,"20240317","1",8,0,0,0,0,0,0,0,0,0,0,0,2,6,17,26,25,18,17,14,4,5,7,11
TUR,bursa,"20240318","2",3,0,0,0,0,0,2,10,23,26,16,12,14,16,24,35,38,52,70,66,5,5,5,5
TUR,bursa,"20240319","3",0,0,0,0,0,0,2,9,26,29,17,12,13,16,23,28,33,46,65,58,6,6,6,6
TUR,bursa,"20240320","4",2,0,0,0,0,0,2,11,21,23,19,18,19,22,28,34,39,58,76,71,9,10,7,6
TUR,bursa,"20240321","5",1,0,0,0,0,0,1,9,22,24,12,11,13,15,22,28,33,45,65,60,11,14,11,9
TUR,bursa,"20240322","6",3,0,0,0,0,0,4,12,21,24,14,13,12,12,25,30,36,56,77,73,10,11,8,8
TUR,bursa,"20240323","7",3,0,0,0,0,0,0,3,4,8,6,9,16,27,36,44,47,45,41,43,7,9,13,17
TUR,bursa,"20240324","1",15,3,0,0,0,0,0,0,0,0,0,0,1,6,19,21,22,21,20,21,3,5,12,14
TUR,bursa,"20240325","2",5,0,0,0,0,0,2,10,22,25,13,12,13,17,39,40,45,56,62,52,7,8,6,5
TUR,bursa,"20240326","3",0,0,0,0,0,0,1,9,22,26,15,11,14,17,26,29,34,44,57,52,6,7,6,7
TUR,bursa,"20240327","4",3,0,0,0,0,0,1,9,21,24,12,11,13,14,21,27,33,41,54,50,6,8,9,9
TUR,bursa,"20240328","5",3,0,0,0,0,0,1,10,22,26,14,11,15,17,21,25,31,37,49,47,6,9,8,9
TUR,bursa,"20240329","6",3,0,0,0,0,0,1,10,25,29,15,14,14,13,27,35,39,54,72,73,14,11,12,14
TUR,bursa,"20240330","7",10,1,0,0,0,0,0,2,3,5,7,10,16,26,38,42,43,41,32,34,6,12,15,21
TUR,bursa,"20240331","1",19,5,0,0,0,0,0,0,0,0,0,0,2,7,16,20,21,16,9,8,1,5,23,35
TUR,bursa,"20240401","2",31,11,0,0,0,0,0,8,11,11,10,12,13,17,26,29,31,39,58,55,5,8,9,8
TUR,bursa,"20240402","3",3,0,0,0,0,0,0,10,23,26,14,12,12,15,22,24,29,39,52,47,4,8,9,10
TUR,bursa,"20240403","4",4,0,0,0,0,0,0,10,26,29,18,18,15,17,24,28,33,47,63,60,6,9,11,11
TUR,bursa,"20240404","5",5,0,0,0,0,0,0,10,29,33,21,15,15,18,26,34,36,48,65,61,7,12,12,12
TUR,bursa,"20240405","6",6,0,0,0,0,0,0,10,25,28,18,15,16,16,37,46,60,71,91,87,17,18,16,18
TUR,bursa,"20240406","7",12,2,0,0,0,0,0,1,4,7,10,14,22,31,51,59,58,54,36,30,7,18,17,18
TUR,bursa,"20240407","1",16,3,0,0,0,0,0,0,0,0,0,2,5,12,22,30,31,28,22,16,4,12,11,13
TUR,bursa,"20240408","2",7,0,0,0,0,0,0,0,1,4,9,15,22,32,45,51,48,42,37,32,7,20,20,19
TUR,bursa,"20240409","3",10,1,0,0,0,0,0,0,0,1,4,9,16,21,29,32,29,24,17,13,4,14,15,11
TUR,bursa,"20240410","4",6,0,0,0,0,0,0,0,0,0,0,0,8,16,33,42,44,41,32,28,26,22,18,16
TUR,bursa,"20240411","5",5,0,0,0,0,0,0,0,0,0,1,5,14,31,55,69,69,58,42,38,34,28,16,14
TUR,bursa,"20240412","6",7,0,0,0,0,0,0,0,0,0,3,10,24,27,50,68,67,62,50,51,50,44,31,16
TUR,bursa,"20240413","7",7,0,0,0,0,0,0,0,0,0,2,6,12,23,33,38,40,40,36,34,36,35,33,29
TUR,bursa,"20240414","1",19,0,0,0,0,0,0,0,0,0,0,0,4,8,16,17,16,14,14,14,13,9,7,5
TUR,bursa,"20240415","2",0,0,0,0,0,0,0,15,36,38,22,13,13,17,29,30,29,35,48,45,14,6,4,4
TUR,bursa,"20240416","3",0,0,0,0,0,0,0,13,33,36,20,16,13,17,22,23,26,33,43,39,14,7,5,5
TUR,bursa,"20240417","4",1,0,0,0,0,0,2,14,33,36,20,15,14,17,23,26,28,35,51,47,16,7,6,5
TUR,bursa,"20240418","5",1,0,0,0,0,0,0,13,31,35,20,16,19,19,25,26,27,31,42,40,15,7,5,6
TUR,bursa,"20240419","6",0,0,0,0,0,0,0,13,27,29,17,13,15,15,24,30,36,44,54,49,22,11,8,8
TUR,bursa,"20240420","7",6,0,0,0,0,0,3,9,12,13,9,10,16,32,44,45,45,42,40,37,26,14,10,9
TUR,bursa,"20240421","1",4,0,0,0,0,0,0,0,0,0,0,5,14,12,19,22,21,17,14,13,12,13,9,8
TUR,bursa,"20240422","2",1,0,0,0,0,0,0,12,28,32,19,16,16,19,28,29,32,39,46,43,13,6,5,5
TUR,bursa,"20240423","3",1,0,0,0,0,0,0,0,2,5,7,9,15,21,28,28,25,23,23,22,16,10,7,7
TUR,bursa,"20240424","4",1,0,0,0,0,0,0,12,29,32,20,14,16,17,21,25,26,33,44,42,13,7,5,5
TUR,bursa,"20240425","5",1,0,0,0,0,0,0,12,30,33,18,14,15,19,23,25,25,31,42,38,13,9,6,6
TUR,bursa,"20240426","6",2,0,0,0,0,0,0,17,34,38,24,16,14,14,25,31,34,43,56,57,26,13,9,9
TUR,bursa,"20240427","7",7,0,0,0,0,0,0,3,5,8,10,13,19,31,38,38,36,34,28,25,17,14,12,11
TUR,bursa,"20240428","1",8,0,0,0,0,0,0,0,0,0,0,1,4,9,15,17,16,15,14,12,11,9,8,7
TUR,bursa,"20240429","2",0,0,0,0,0,0,0,12,31,34,21,15,15,17,24,26,28,32,43,40,11,4,4,3
TUR,bursa,"20240430","3",0,0,0,0,0,0,0,12,32,36,19,17,14,17,23,27,28,33,47,43,16,8,5,4
TUR,bursa,"20240501","4",2,0,0,0,0,0,0,0,2,8,13,15,14,21,28,28,24,21,21,20,10,8,14,13
TUR,bursa,"20240502","5",6,0,0,0,0,0,0,15,34,37,19,13,13,16,22,23,24,30,42,40,12,7,5,5
TUR,bursa,"20240503","6",2,0,0,0,0,0,0,16,29,30,15,15,14,13,28,40,64,67,81,84,66,29,9,10
TUR,bursa,"20240504","7",5,0,0,0,0,0,2,13,12,18,17,14,23,36,40,39,33,32,23,19,13,11,9,10
TUR,bursa,"20240505","1",8,0,0,0,0,0,0,0,0,0,0,0,3,9,18,24,24,21,15,14,10,9,8,7
TUR,bursa,"20240506","2",1,0,0,0,0,0,0,14,39,44,25,15,16,18,26,28,30,38,50,47,16,7,5,5
TUR,bursa,"20240507","3",1,0,0,0,0,0,0,13,33,38,31,20,20,19,22,25,28,35,47,44,16,8,6,5
TUR,bursa,"20240508","4",1,0,0,0,0,0,0,13,32,36,19,14,14,18,23,25,29,36,47,46,15,9,6,6
TUR,bursa,"20240509","5",2,0,0,0,0,0,0,12,27,30,15,12,13,16,22,25,28,39,59,56,21,15,9,8
TUR,bursa,"20240510","6",3,0,0,0,0,0,0,12,21,21,13,16,18,14,27,31,33,37,53,53,22,10,8,9
TUR,bursa,"20240511","7",5,0,0,0,0,0,1,5,10,14,12,15,25,36,46,55,56,52,37,25,17,12,11,10
TUR,bursa,"20240512","1",7,0,0,0,0,0,0,0,0,0,0,2,6,14,26,33,32,27,21,19,13,12,13,11
TUR,bursa,"20240513","2",2,0,0,0,0,0,0,14,29,31,18,20,18,20,23,26,28,31,40,37,10,5,4,4
TUR,bursa,"20240514","3",0,0,0,0,0,0,0,13,31,35,20,15,14,18,24,26,28,37,48,44,15,8,5,5
TUR,bursa,"20240515","4",0,0,0,0,0,0,0,13,29,31,18,17,15,18,24,28,31,41,57,56,21,9,6,7
TUR,bursa,"20240516","5",2,0,0,0,0,0,0,14,32,34,21,15,15,19,25,27,30,37,55,53,21,11,8,10
TUR,bursa,"20240517","6",4,0,0,0,0,0,0,15,34,40,27,23,21,17,25,35,40,46,60,57,28,15,10,10
TUR,bursa,"20240518","7",6,0,0,0,0,0,0,3,6,11,17,16,22,31,39,42,42,41,32,29,28,26,20,19
TUR,bursa,"20240519","1",15,6,0,0,0,0,0,0,0,0,0,1,4,9,13,17,24,20,15,12,8,11,12,11
TUR,bursa,"20240520","2",4,0,0,0,0,0,0,14,33,35,20,16,15,18,27,28,30,36,49,46,16,7,6,6
TUR,bursa,"20240521","3",2,0,0,0,0,0,0,13,32,36,20,15,16,18,23,24,28,34,49,47,16,11,12,7
TUR,bursa,"20240522","4",2,0,0,0,0,0,0,15,35,39,23,15,14,17,22,23,28,36,48,46,16,8,7,7
TUR,bursa,"20240523","5",6,0,0,0,0,0,0,14,31,33,19,14,15,18,25,27,31,34,45,40,12,7,6,6
TUR,bursa,"20240524","6",2,1,0,0,0,0,3,25,42,43,22,13,14,14,25,31,32,38,51,50,21,10,9,9
TUR,bursa,"20240525","7",6,0,0,0,0,0,0,4,9,12,11,13,20,35,41,43,42,38,31,25,21,18,14,16
TUR,bursa,"20240526","1",14,3,0,0,0,0,0,0,0,0,1,5,10,14,18,19,19,15,14,13,8,26,31,22
TUR,bursa,"20240527","2",5,0,0,0,0,0,0,15,33,36,22,21,17,19,27,28,29,36,47,43,12,6,5,5
TUR,bursa,"20240528","3",1,0,0,0,0,0,0,14,30,33,21,20,15,17,22,25,30,38,49,47,16,7,7,5
TUR,bursa,"20240529","4",3,0,0,0,0,0,0,14,31,33,19,18,16,18,22,23,27,34,53,50,15,8,7,7
TUR,bursa,"20240530","5",2,0,0,0,0,0,0,15,31,34,20,14,14,17,22,25,30,36,49,46,15,8,8,9
TUR,bursa,"20240531","6",5,0,0,0,0,0,0,14,28,31,18,16,15,13,25,31,35,43,62,62,32,14,11,10
TUR,bursa,"20240601","7",7,0,0,0,0,0,0,4,6,9,11,13,22,29,35,35,35,34,28,24,21,17,19,16
TUR,bursa,"20240602","1",13,7,0,0,0,0,0,0,1,1,0,1,6,17,15,14,12,11,12,13,12,13,16,15
TUR,bursa,"20240603","2",6,0,0,0,0,0,0,15,33,36,22,17,17,20,23,26,29,31,47,46,14,6,7,6
TUR,bursa,"20240604","3",2,0,0,0,0,0,0,14,28,32,24,19,16,17,24,28,27,35,47,45,16,8,9,8
TUR,bursa,"20240605","4",4,0,0,0,0,0,0,14,30,33,21,17,16,19,23,25,29,38,53,50,18,13,12,10
TUR,bursa,"20240606","5",7,0,0,0,0,0,0,15,30,31,19,17,16,20,27,28,30,36,54,53,23,10,11,10
TUR,bursa,"20240607","6",9,1,0,0,0,0,0,15,30,31,20,17,18,17,30,35,39,46,67,67,32,16,13,13
TUR,bursa,"20240608","7",11,3,0,0,0,0,0,4,26,44,31,13,25,66,66,55,39,38,31,24,24,21,19,22
TUR,bursa,"20240609","1",19,5,0,0,0,0,0,0,2,6,1,1,8,29,30,23,14,12,14,14,13,16,17,15
TUR,bursa,"20240610","2",10,0,0,0,0,0,0,15,33,34,25,18,19,21,27,29,33,38,55,54,22,10,9,8
TUR,bursa,"20240611","3",5,0,0,0,0,0,0,14,29,30,21,20,21,22,30,33,30,35,52,51,22,12,13,11
TUR,bursa,"20240612","4",7,0,0,0,0,0,0,13,27,29,21,18,18,19,26,31,33,40,61,59,28,15,15,14
TUR,bursa,"20240613","5",9,0,0,0,0,0,0,14,26,28,20,20,20,23,30,35,37,43,75,77,48,24,17,14
TUR,bursa,"20240614","6",12,1,0,0,0,0,0,14,25,26,24,32,35,33,37,50,58,62,82,83,66,47,26,15
TUR,bursa,"20240615","7",12,4,0,0,0,0,0,0,6,14,31,35,46,51,54,55,55,51,43,25,14,12,13,12
TUR,bursa,"20240616","1",8,0,0,0,0,0,0,0,0,0,0,1,2,3,7,8,9,7,7,9,8,11,12,11
TUR,bursa,"20240617","2",6,0,0,0,0,0,0,0,0,0,0,0,3,6,11,14,15,15,12,12,9,11,11,8
TUR,bursa,"20240618","3",7,0,0,0,0,0,0,0,0,0,0,1,4,7,11,12,12,11,12,11,6,10,10,7
TUR,bursa,"20240619","4",5,0,0,0,0,0,0,0,0,0,0,1,3,6,10,11,11,10,11,11,10,12,12,11
TUR,bursa,"20240620","5",7,0,0,0,0,0,0,1,2,2,4,6,7,10,15,16,14,13,19,18,9,8,9,8
TUR,bursa,"20240621","6",4,0,0,0,0,0,0,2,3,4,5,6,7,8,17,19,17,16,22,23,15,11,9,9
TUR,bursa,"20240622","7",6,0,0,0,0,0,0,0,0,2,4,5,8,13,19,21,24,24,21,21,11,11,12,10
TUR,bursa,"20240623","1",8,2,0,0,0,0,0,0,0,0,0,0,1,3,7,8,8,8,12,11,10,11,13,12
TUR,bursa,"20240624","2",6,0,0,0,0,0,0,13,22,23,18,16,17,22,30,30,27,33,53,54,24,9,8,8
TUR,bursa,"20240625","3",5,0,0,0,0,0,0,12,20,21,18,17,16,20,26,27,25,29,48,46,19,9,9,9
TUR,bursa,"20240626","4",6,0,0,0,0,0,0,12,20,20,17,17,16,21,28,29,28,33,54,54,23,13,9,8
TUR,bursa,"20240627","5",6,2,0,0,0,0,0,12,19,18,16,14,15,20,26,26,28,48,74,75,52,27,12,11
TUR,bursa,"20240628","6",8,0,0,0,0,0,0,13,22,22,17,17,16,16,28,33,35,40,60,59,35,20,13,13
TUR,bursa,"20240629","7",10,2,0,0,0,0,0,4,6,7,10,11,14,23,30,33,33,32,26,26,25,20,17,16
TUR,bursa,"20240630","1",14,5,0,0,0,0,0,0,0,0,0,0,5,8,11,13,14,14,13,15,16,17,20,17
TUR,bursa,"20240701","2",13,0,0,0,0,0,0,14,25,24,15,15,15,17,25,26,27,32,52,49,18,8,9,8
TUR,bursa,"20240702","3",4,0,0,0,0,0,0,12,20,19,15,16,14,16,24,24,26,30,49,47,19,9,7,5
TUR,bursa,"20240703","4",14,11,0,0,0,0,0,12,17,18,15,17,15,22,31,31,25,32,51,49,21,10,13,11
TUR,bursa,"20240704","5",6,0,0,0,0,0,0,12,17,16,14,19,18,17,28,50,68,71,76,74,37,15,10,9
TUR,bursa,"20240705","6",5,0,0,0,0,0,0,13,18,17,18,21,21,21,28,33,33,36,55,57,28,12,12,12
TUR,bursa,"20240706","7",9,1,0,0,0,0,0,4,5,7,9,11,16,22,31,35,43,40,28,23,20,13,12,5
TUR,bursa,"20240707","1",18,14,0,0,0,0,0,0,0,0,0,0,3,5,10,12,13,13,16,18,15,16,20,19
TUR,bursa,"20240708","2",11,0,0,0,0,0,0,13,22,22,15,15,15,16,26,28,28,31,53,51,18,8,9,8
TUR,bursa,"20240709","3",4,0,0,0,0,0,0,12,20,20,17,16,15,16,23,24,22,28,45,44,17,10,11,9
TUR,bursa,"20240710","4",5,0,0,0,0,0,0,12,17,17,14,15,14,16,22,24,25,29,52,52,23,12,12,10
TUR,bursa,"20240711","5",6,0,0,0,0,0,1,14,21,20,18,17,23,23,24,24,23,34,56,56,23,10,11,10
TUR,bursa,"20240712","6",6,0,0,0,0,0,0,13,17,16,13,14,14,12,26,32,33,38,65,73,64,39,26,16
TUR,bursa,"20240713","7",11,5,0,0,0,0,0,5,17,24,28,29,27,26,28,29,30,30,23,22,19,17,18,18
TUR,bursa,"20240714","1",16,6,0,0,0,0,0,0,0,5,2,0,12,19,11,10,18,21,13,14,15,15,15,13
TUR,bursa,"20240715","2",8,0,0,0,0,0,0,0,0,5,6,6,10,12,19,21,22,23,27,29,28,24,26,25
TUR,bursa,"20240716","3",17,0,0,0,0,0,0,13,21,20,15,15,15,16,25,26,27,32,56,52,23,10,11,9
TUR,bursa,"20240717","4",5,0,0,0,0,0,0,11,17,18,14,14,14,16,22,24,24,28,49,47,18,11,11,10
TUR,bursa,"20240718","5",6,0,0,0,0,0,0,12,17,16,14,14,14,15,24,26,25,28,48,47,20,12,11,12
TUR,bursa,"20240719","6",8,0,0,0,0,0,1,13,18,18,14,14,14,12,25,39,38,40,68,68,37,22,13,12
TUR,bursa,"20240720","7",9,2,0,0,0,0,0,3,5,7,9,11,14,21,26,31,31,31,23,22,22,20,18,15
TUR,bursa,"20240721","1",13,7,0,0,0,0,0,0,0,0,0,1,2,5,8,11,11,9,17,19,19,21,22,21
TUR,bursa,"20240722","2",13,0,0,0,0,0,0,12,21,20,15,15,15,16,25,26,26,30,54,55,20,12,11,9
TUR,bursa,"20240723","3",5,0,0,0,0,0,0,11,17,17,15,15,18,18,24,26,25,30,54,53,26,12,9,9
TUR,bursa,"20240724","4",6,0,0,0,0,0,0,11,16,16,14,0,0,16,23,25,27,32,54,54,22,12,11,11
TUR,bursa,"20240725","5",7,0,0,0,0,0,0,11,16,16,0,0,14,15,22,27,28,33,53,51,21,12,11,11
TUR,bursa,"20240726","6",7,0,0,0,0,0,0,12,15,14,13,17,17,16,27,34,33,36,58,59,33,17,12,13
TUR,bursa,"20240727","7",10,3,0,0,0,0,0,3,19,21,12,11,14,22,31,34,34,33,27,25,25,22,16,15
TUR,bursa,"20240728","1",16,11,0,0,0,0,0,0,0,0,0,0,3,5,9,13,12,11,16,16,17,20,18,15
TUR,bursa,"20240729","2",8,0,0,0,0,0,0,11,18,18,14,14,15,16,25,28,29,33,51,49,17,9,9,7
TUR,bursa,"20240730","3",4,0,0,0,0,0,0,10,16,16,17,16,16,15,24,26,26,29,51,50,21,10,10,9
TUR,bursa,"20240731","4",6,0,0,0,0,0,0,13,20,20,14,15,13,15,23,25,25,31,49,49,22,13,10,8
TUR,bursa,"20240801","5",6,0,0,0,0,0,0,10,15,14,15,19,18,15,23,25,26,34,53,52,26,18,10,11
TUR,bursa,"20240802","6",7,0,0,0,0,0,0,11,15,13,12,14,15,13,26,32,33,39,64,65,41,23,11,12
TUR,bursa,"20240803","7",11,1,0,0,0,0,0,3,4,6,8,10,13,18,30,33,33,30,25,24,20,18,10,12
TUR,bursa,"20240804","1",10,1,0,0,0,0,0,0,0,0,0,0,3,4,8,9,10,10,13,13,17,18,16,15
TUR,bursa,"20240805","2",8,0,0,0,0,0,0,12,19,19,13,14,16,17,26,29,28,37,51,50,18,11,8,6
TUR,bursa,"20240806","3",3,0,0,0,0,0,0,11,15,14,12,13,13,15,23,23,23,29,47,47,20,13,8,7
TUR,bursa,"20240807","4",4,0,0,0,0,0,0,10,13,13,13,15,14,16,23,25,26,31,51,50,22,14,9,9
TUR,bursa,"20240808","5",6,0,0,0,0,0,0,10,13,13,12,13,12,14,22,24,25,38,61,59,30,15,9,9
TUR,bursa,"20240809","6",5,0,0,0,0,0,0,11,14,13,12,13,13,12,24,30,31,39,60,60,35,19,10,10
TUR,bursa,"20240810","7",7,0,0,0,0,0,0,3,3,6,8,9,14,24,32,40,40,39,32,24,18,18,14,11
TUR,bursa,"20240811","1",11,3,0,0,0,0,0,0,0,0,0,0,3,5,10,11,13,12,16,17,17,19,16,14
TUR,bursa,"20240812","2",8,0,0,0,0,0,0,12,16,16,13,14,14,16,29,31,28,32,51,51,21,12,7,7
TUR,bursa,"20240813","3",3,0,0,0,0,0,0,13,16,16,13,13,13,14,28,29,28,30,48,45,19,11,7,8
TUR,bursa,"20240814","4",4,0,0,0,0,0,0,10,17,17,14,15,13,17,23,23,22,29,49,47,25,19,10,9
TUR,bursa,"20240815","5",6,0,0,0,0,0,0,10,15,16,14,15,15,18,23,24,26,36,57,56,29,17,11,11
TUR,bursa,"20240816","6",6,0,0,0,0,0,0,12,16,16,15,14,14,14,26,32,34,42,73,73,51,35,12,10
TUR,bursa,"20240817","7",8,0,0,0,0,0,0,4,4,5,8,10,15,24,30,33,38,37,32,29,27,25,13,13
TUR,bursa,"20240819","2",7,0,0,0,0,0,0,12,20,20,15,15,15,17,26,28,29,34,57,56,25,12,8,7
TUR,bursa,"20240820","3",3,0,0,0,0,0,0,11,17,18,14,15,17,19,25,26,28,34,53,52,25,15,9,8
TUR,bursa,"20240821","4",4,0,0,0,0,0,0,12,17,17,14,15,15,17,25,26,26,31,52,50,23,13,8,8
TUR,bursa,"20240822","5",3,0,0,0,0,0,0,10,17,17,12,15,13,16,24,25,26,33,51,51,27,18,10,10
TUR,bursa,"20240823","6",6,0,0,0,0,0,0,12,16,16,13,14,13,13,27,35,36,38,60,61,40,27,13,12
TUR,bursa,"20240824","7",9,1,0,0,0,0,0,3,4,5,9,11,15,22,29,31,32,31,25,27,30,27,16,17
TUR,bursa,"20240825","1",15,5,0,0,0,0,0,0,0,0,0,0,4,7,11,13,13,15,20,20,24,22,16,15
TUR,bursa,"20240826","2",6,0,0,0,0,0,0,11,20,20,15,15,16,19,28,31,30,34,51,51,23,13,8,7
TUR,bursa,"20240827","3",2,0,0,0,0,0,0,11,18,20,15,15,14,18,26,27,26,37,55,54,26,14,8,7
TUR,bursa,"20240828","4",3,0,0,0,0,0,0,11,17,17,13,13,14,17,25,29,34,34,56,55,29,17,9,9
TUR,bursa,"20240829","5",4,0,0,0,0,0,0,11,15,16,15,15,16,18,26,29,32,42,69,72,54,45,26,14
TUR,bursa,"20240830","6",6,0,0,0,0,0,0,2,7,10,13,12,12,12,29,30,27,24,27,28,30,26,11,11
TUR,bursa,"20240831","7",8,0,0,0,0,0,0,0,1,3,6,10,12,18,27,32,33,30,24,24,29,26,15,10
TUR,bursa,"20240901","1",8,1,0,0,0,0,0,0,0,0,0,0,11,16,18,25,26,25,25,30,34,33,33,32
TUR,bursa,"20240902","2",27,20,14,0,0,0,1,12,23,26,23,18,28,31,32,37,36,41,56,55,27,12,7,5
TUR,bursa,"20240903","3",2,0,0,0,0,0,0,11,22,23,18,14,16,22,27,30,30,34,52,51,25,14,8,7
TUR,bursa,"20240904","4",3,0,0,0,0,0,1,11,19,20,15,13,16,22,26,29,30,36,51,50,28,16,9,9
TUR,bursa,"20240905","5",4,0,0,0,0,0,0,11,20,21,17,15,16,23,26,29,30,41,69,72,50,24,12,9
TUR,bursa,"20240906","6",4,0,0,0,0,0,0,12,23,25,18,17,17,18,32,36,36,43,64,66,46,27,10,9
TUR,bursa,"20240907","7",6,1,0,0,0,0,0,3,7,7,8,11,17,27,37,40,39,38,38,34,38,29,15,14
TUR,bursa,"20240908","1",12,5,0,0,0,0,0,0,1,4,1,1,7,15,21,25,25,24,20,19,21,16,12,9
TUR,bursa,"20240909","2",2,0,0,0,0,0,0,18,54,58,27,17,16,17,25,28,33,43,57,54,24,11,5,3
TUR,bursa,"20240910","3",0,0,0,0,0,0,1,14,39,40,18,13,13,16,22,30,31,38,49,47,23,10,5,5
TUR,bursa,"20240911","4",1,0,0,0,0,0,0,14,37,39,20,16,14,17,24,26,33,41,54,52,26,12,6,6
TUR,bursa,"20240912","5",2,0,0,0,0,0,0,16,39,43,28,17,14,17,24,26,30,39,54,54,28,13,7,6
TUR,bursa,"20240913","6",3,0,0,0,0,0,1,16,39,40,17,13,13,13,25,33,41,50,67,69,56,29,9,10
TUR,bursa,"20240914","7",7,0,0,0,0,0,0,3,6,8,9,11,17,29,38,40,42,41,36,29,26,17,14,13
TUR,bursa,"20240915","1",8,0,0,0,0,0,0,0,0,0,0,1,13,15,18,23,25,23,21,18,19,19,19,14
TUR,bursa,"20240916","2",4,0,0,0,0,0,1,16,42,44,20,14,14,16,25,28,32,43,58,57,29,10,5,5
TUR,bursa,"20240917","3",1,0,0,0,0,0,1,17,40,44,21,14,15,16,24,26,31,40,52,51,23,8,5,5
TUR,bursa,"20240918","4",1,0,0,0,0,0,1,14,35,37,19,14,14,17,25,27,30,40,49,48,25,9,5,5
TUR,bursa,"20240919","5",1,0,0,0,0,0,1,14,37,40,20,14,14,18,24,26,28,37,53,52,28,10,6,6
TUR,bursa,"20240920","6",1,0,0,0,0,0,0,15,34,37,15,18,16,14,28,33,37,48,65,66,44,19,9,9
TUR,bursa,"20240921","7",5,0,0,0,0,0,0,3,5,6,9,12,19,40,53,49,39,35,33,41,42,23,15,16
TUR,bursa,"20240922","1",10,0,0,0,0,0,0,0,0,0,0,1,7,10,20,25,24,20,18,21,22,14,8,7
TUR,bursa,"20240923","2",0,0,0,0,0,0,2,15,38,40,22,15,15,18,25,29,31,40,56,53,26,7,3,4
TUR,bursa,"20240924","3",0,0,0,0,0,0,0,17,42,45,23,15,14,17,24,25,30,40,57,55,26,7,4,5
TUR,bursa,"20240925","4",1,0,0,0,0,0,0,15,39,42,25,16,17,17,22,26,30,46,66,63,36,11,4,6
TUR,bursa,"20240926","5",1,0,0,0,0,0,1,14,37,39,20,17,15,17,24,27,32,40,53,52,26,8,5,5
TUR,bursa,"20240927","6",1,0,0,0,0,0,1,15,33,35,16,13,13,13,26,31,38,47,63,62,43,17,8,9
TUR,bursa,"20240928","7",4,0,0,0,0,0,0,3,5,7,9,11,19,31,40,43,44,40,36,41,42,24,11,15
TUR,bursa,"20240929","1",16,4,0,0,0,0,0,0,0,0,0,1,5,10,17,20,20,21,20,21,20,15,23,13
TUR,bursa,"20240930","2",1,0,0,0,0,0,9,25,69,80,54,27,19,20,30,33,37,52,61,60,34,11,5,5
TUR,bursa,"20241001","3",1,0,0,0,0,0,4,16,36,39,17,14,13,17,21,24,29,41,54,53,26,7,3,3
TUR,bursa,"20241002","4",0,0,0,0,0,0,1,15,35,37,15,13,12,16,20,24,29,38,52,51,25,7,5,4
TUR,bursa,"20241003","5",0,0,0,0,0,0,1,14,37,40,19,13,12,19,26,25,29,42,56,56,29,7,6,6
TUR,bursa,"20241004","6",1,0,0,0,0,0,1,15,38,40,16,13,13,13,25,30,35,47,69,71,57,21,8,9
TUR,bursa,"20241005","7",6,0,0,0,0,0,0,3,5,7,9,12,21,32,40,41,40,38,37,45,44,23,12,14
TUR,bursa,"20241006","1",12,2,0,0,0,0,0,0,0,0,0,2,6,11,17,23,23,23,22,25,23,10,7,6
TUR,bursa,"20241007","2",0,0,0,0,0,0,6,23,47,50,27,14,13,17,24,27,31,40,53,53,23,6,4,4
TUR,bursa,"20241008","3",0,0,0,0,0,0,1,16,38,43,25,14,14,16,20,25,28,38,53,53,24,7,5,5
TUR,bursa,"20241009","4",0,0,0,0,0,0,1,16,40,42,21,15,14,19,22,25,29,41,62,62,30,8,5,4
TUR,bursa,"20241010","5",1,0,0,0,0,0,1,15,37,39,16,12,13,18,23,26,29,38,61,64,32,7,5,4
TUR,bursa,"20241011","6",0,0,0,0,0,0,1,16,35,38,17,13,15,13,24,30,37,53,77,80,54,17,6,6
TUR,bursa,"20241012","7",4,0,0,0,0,0,0,3,4,6,9,14,22,34,42,47,45,42,42,72,72,47,19,12
TUR,bursa,"20241013","1",9,2,0,0,0,0,0,0,0,0,0,0,4,9,17,23,26,26,22,18,14,12,13,10
TUR,bursa,"20241014","2",0,0,0,0,0,0,2,16,37,38,17,12,12,17,24,27,30,39,57,58,25,5,2,2
TUR,bursa,"20241015","3",0,0,0,0,0,0,1,15,37,41,25,14,13,17,23,25,28,41,61,61,27,7,4,3
TUR,bursa,"20241016","4",0,0,0,0,0,0,1,14,37,40,21,12,13,17,24,27,31,42,59,61,30,7,4,4
TUR,bursa,"20241017","5",0,0,0,0,0,0,1,15,34,38,21,15,14,17,22,25,34,42,61,61,27,7,4,4
TUR,bursa,"20241018","6",0,0,0,0,0,0,1,15,31,32,15,12,15,14,27,32,37,48,68,70,38,12,8,7
TUR,bursa,"20241019","7",3,0,0,0,0,0,0,3,4,7,8,13,23,38,47,48,48,47,46,45,35,16,9,8
TUR,bursa,"20241020","1",5,0,0,0,0,0,0,0,0,0,0,0,7,14,24,28,28,27,27,28,21,9,7,5
TUR,bursa,"20241021","2",0,0,0,0,0,0,1,14,38,42,27,16,13,17,23,26,29,43,62,62,21,5,2,2
TUR,bursa,"20241022","3",0,0,0,0,0,0,0,20,47,50,22,16,16,18,22,25,30,42,62,61,23,6,3,2
TUR,bursa,"20241023","4",0,0,0,0,0,0,1,13,35,38,19,14,16,19,26,29,29,41,58,56,22,5,4,3
TUR,bursa,"20241024","5",0,0,0,0,0,0,1,14,32,35,16,13,14,17,22,26,28,42,60,60,26,7,4,3
TUR,bursa,"20241025","6",0,0,0,0,0,0,1,16,35,36,16,13,13,12,26,33,39,56,82,85,50,17,7,6
TUR,bursa,"20241026","7",2,0,0,0,0,0,0,2,4,6,9,12,17,32,45,46,45,46,44,40,26,20,20,9
TUR,bursa,"20241027","1",8,0,0,0,0,0,0,0,0,0,0,1,5,11,24,30,28,25,26,27,22,8,6,4
TUR,bursa,"20241028","2",0,0,0,0,0,0,0,6,16,18,13,15,27,50,51,45,34,29,36,39,24,4,3,2
TUR,bursa,"20241029","3",0,0,0,0,0,0,0,0,0,2,4,8,11,13,19,22,24,24,33,36,26,11,6,4
TUR,bursa,"20241030","4",0,0,0,0,0,0,0,13,33,37,20,13,12,17,23,28,31,40,65,65,27,4,2,2
TUR,bursa,"20241031","5",0,0,0,0,0,0,1,13,35,39,17,13,13,18,25,28,29,40,59,58,25,5,3,7
TUR,bursa,"20241101","6",0,0,0,0,0,0,0,14,33,37,17,16,18,14,26,33,36,49,78,79,46,15,4,5
TUR,bursa,"20241102","7",3,0,0,0,0,0,0,3,5,8,8,11,17,29,38,40,37,37,37,38,26,13,8,7
TUR,bursa,"20241103","1",6,0,0,0,0,0,0,0,0,0,0,0,5,11,15,15,30,34,27,21,9,3,3,2
TUR,bursa,"20241104","2",0,0,0,0,0,0,0,14,39,44,23,14,18,21,26,28,35,49,69,66,20,4,2,2
TUR,bursa,"20241105","3",0,0,0,0,0,0,0,14,35,39,21,15,14,20,25,27,31,46,66,64,24,5,2,3
TUR,bursa,"20241106","4",0,0,0,0,0,0,0,13,37,41,21,16,15,18,27,30,34,48,67,66,26,6,3,3
TUR,bursa,"20241107","5",0,0,0,0,0,0,0,14,36,41,22,15,14,18,25,27,34,47,66,66,27,6,2,3
TUR,bursa,"20241108","6",0,0,0,0,0,0,0,14,34,35,18,14,14,14,28,33,39,54,81,81,44,14,6,7
TUR,bursa,"20241109","7",2,0,0,0,0,0,0,3,4,5,8,11,19,33,45,46,47,47,47,47,31,12,8,9
TUR,bursa,"20241110","1",4,0,0,0,0,0,0,0,0,0,0,0,6,16,22,26,25,23,23,24,13,5,5,4
TUR,bursa,"20241111","2",0,0,0,0,0,0,1,14,20,18,12,12,15,22,31,33,36,42,67,67,29,6,3,3
TUR,bursa,"20241112","3",0,0,0,0,0,0,0,12,17,16,16,18,19,23,31,32,28,38,66,64,26,6,4,4
TUR,bursa,"20241113","4",0,0,0,0,0,0,0,13,19,17,12,14,16,21,27,29,31,48,90,91,56,19,9,9
TUR,bursa,"20241114","5",5,0,0,0,0,0,2,15,17,16,11,14,14,19,27,29,29,36,63,66,41,19,10,12
TUR,bursa,"20241115","6",8,2,0,0,0,0,4,18,19,16,15,16,17,16,35,41,41,50,72,72,41,17,15,15
TUR,bursa,"20241116","7",10,3,0,0,0,0,2,7,6,5,10,11,20,39,43,42,54,57,49,41,28,10,7,7
TUR,bursa,"20241117","1",4,0,0,0,0,0,0,2,1,0,0,0,3,11,23,29,34,34,32,29,19,5,4,3
TUR,bursa,"20241118","2",0,0,0,0,0,0,1,18,41,45,24,15,15,18,25,28,33,43,58,53,14,3,2,2
TUR,bursa,"20241119","3",0,0,0,0,0,0,0,16,36,39,22,14,14,18,23,25,28,40,65,62,20,4,3,3
TUR,bursa,"20241120","4",0,0,0,0,0,0,2,19,39,44,20,15,16,18,26,31,33,50,76,73,27,7,5,5
TUR,bursa,"20241121","5",0,0,0,0,0,0,2,18,37,40,17,13,15,23,37,40,55,77,91,89,40,11,6,6
TUR,bursa,"20241122","6",3,0,0,0,0,0,1,16,31,35,19,13,15,15,30,36,42,58,92,92,56,19,8,10
TUR,bursa,"20241123","7",5,0,0,0,0,0,0,5,4,7,20,25,30,41,58,59,48,46,42,33,19,8,8,8
TUR,bursa,"20241124","1",6,2,0,0,0,0,0,1,0,0,0,1,4,10,24,33,41,43,38,33,18,4,4,3
TUR,bursa,"20241125","2",0,0,0,0,0,0,1,16,38,40,21,15,15,21,28,31,40,46,63,60,20,4,3,4
TUR,bursa,"20241126","3",0,0,0,0,0,0,1,15,36,41,23,14,15,20,29,30,35,49,72,67,22,8,3,3
TUR,bursa,"20241127","4",0,0,0,0,0,0,1,14,33,36,18,16,17,24,30,36,46,66,85,82,36,10,6,5
TUR,bursa,"20241128","5",3,0,0,0,0,0,2,16,34,37,16,12,15,18,22,26,31,41,64,63,22,5,3,3
TUR,bursa,"20241129","6",0,0,0,0,0,0,1,15,32,35,18,14,15,13,30,39,41,55,83,83,46,13,6,5
TUR,bursa,"20241130","7",2,0,0,0,0,0,0,5,6,12,15,16,23,36,45,49,49,46,47,46,30,13,9,8
TUR,bursa,"20241201","1",4,0,0,0,0,0,0,0,0,0,0,0,3,11,24,31,29,23,33,45,29,7,6,3
TUR,bursa,"20241202","2",0,0,0,0,0,0,3,21,49,53,27,18,16,20,25,30,38,47,65,62,17,3,2,2
TUR,bursa,"20241203","3",0,0,0,0,0,0,2,15,38,43,23,17,18,19,24,26,29,45,64,60,25,7,6,6
TUR,bursa,"20241204","4",2,0,0,0,0,0,3,18,41,46,23,14,14,18,24,27,36,53,70,66,27,5,3,3
TUR,bursa,"20241205","5",4,0,0,0,0,0,1,15,36,40,18,12,14,18,24,29,30,43,66,64,23,6,4,4
TUR,bursa,"20241206","6",1,0,0,0,0,0,1,15,31,34,15,13,15,14,28,33,40,56,81,81,43,13,7,9
TUR,bursa,"20241207","7",5,0,0,0,0,0,0,4,9,14,15,16,26,45,52,58,52,44,41,40,20,6,8,8
TUR,bursa,"20241208","1",5,0,0,0,0,0,0,0,0,0,1,3,10,21,27,36,33,32,29,24,13,6,4,4
TUR,bursa,"20241209","2",0,0,0,0,0,0,2,16,36,38,18,14,15,18,27,29,30,47,71,65,26,8,5,4
TUR,bursa,"20241210","3",0,0,0,0,0,0,1,14,34,38,19,15,14,19,28,29,36,51,66,62,21,6,4,10
TUR,bursa,"20241211","4",6,1,0,0,0,0,6,19,39,42,22,16,16,19,26,28,33,44,62,58,17,4,3,3
TUR,bursa,"20241212","5",0,0,0,0,0,0,1,14,33,36,17,18,24,25,29,30,30,41,62,59,19,4,2,3
TUR,bursa,"20241213","6",0,0,0,0,0,0,1,15,31,34,14,12,14,14,28,33,39,58,76,73,31,9,6,6
TUR,bursa,"20241214","7",2,0,0,0,0,0,0,4,5,6,8,12,27,41,49,49,51,62,61,58,39,17,13,10
TUR,bursa,"20241215","1",7,0,0,0,0,0,0,1,0,0,1,4,7,11,26,38,47,51,51,47,29,11,9,8
TUR,bursa,"20241216","2",3,0,0,0,0,0,3,20,49,54,40,29,26,21,29,31,34,45,62,59,16,3,2,2
TUR,bursa,"20241217","3",0,0,0,0,0,0,0,14,34,38,19,14,14,18,26,29,32,44,62,58,23,5,3,3
TUR,bursa,"20241218","4",0,0,0,0,0,0,1,15,41,45,25,15,15,20,26,28,33,48,66,64,29,7,3,4
TUR,bursa,"20241219","5",0,0,0,0,0,0,1,14,33,37,22,15,15,18,25,28,37,57,74,72,28,7,4,4
TUR,bursa,"20241220","6",0,0,0,0,0,0,1,15,31,35,18,15,16,17,29,35,43,54,83,83,47,17,6,7
TUR,bursa,"20241221","7",2,0,0,0,0,0,4,10,12,14,12,15,28,43,60,70,64,55,43,41,35,18,9,8
TUR,bursa,"20241222","1",6,0,0,0,0,0,0,0,0,1,0,2,6,13,26,29,28,27,22,20,12,6,4,3
TUR,bursa,"20241223","2",0,0,0,0,0,0,1,18,40,42,22,14,15,19,27,30,33,46,65,58,18,3,2,2
TUR,bursa,"20241224","3",0,0,0,0,0,0,0,14,31,33,16,17,20,22,29,31,45,68,87,83,37,9,6,5
TUR,bursa,"20241225","4",1,0,0,0,0,0,2,16,36,41,20,15,16,20,28,30,34,47,68,66,29,7,4,5
TUR,bursa,"20241226","5",0,0,0,0,0,0,0,14,32,35,22,18,18,20,29,29,34,48,65,63,41,19,6,6
TUR,bursa,"20241227","6",1,0,0,0,0,0,3,23,51,59,40,24,22,23,38,50,62,75,93,91,56,19,9,7
TUR,bursa,"20241228","7",3,0,0,0,0,0,0,4,6,9,9,12,20,35,47,62,66,65,49,45,42,18,13,14
TUR,bursa,"20241229","1",9,3,0,0,0,0,0,1,0,0,0,2,5,11,27,40,41,41,32,22,13,7,5,3
TUR,bursa,"20241230","2",0,0,0,0,0,0,0,13,29,32,16,16,19,28,40,43,46,54,68,65,24,6,7,6
TUR,bursa,"20241231","3",0,0,0,0,0,0,0,11,25,28,14,13,18,21,31,35,47,60,64,60,24,8,6,4
TUR,bursa,"20250101","4",3,2,0,0,0,0,0,0,0,0,0,0,2,6,16,21,22,21,17,15,8,2,1,0
TUR,bursa,"20250102","5",0,0,0,0,0,0,0,12,26,28,11,9,12,15,23,25,31,44,54,50,15,4,3,2
TUR,bursa,"20250103","6",0,0,0,0,0,0,0,12,28,30,17,13,13,13,26,31,36,44,56,53,20,6,4,4
TUR,bursa,"20250104","7",0,0,0,0,0,0,0,3,3,7,7,11,21,39,45,41,50,50,41,28,15,7,11,9
TUR,bursa,"20250105","1",4,0,0,0,0,0,0,0,0,0,0,0,3,6,15,20,20,20,14,11,6,2,4,1
TUR,bursa,"20250106","2",0,0,0,0,0,0,0,14,33,35,17,13,13,16,24,28,32,40,57,56,18,3,1,2
TUR,bursa,"20250107","3",0,0,0,0,0,0,1,13,33,37,19,15,14,17,24,25,29,38,56,52,15,4,3,2
TUR,bursa,"20250108","4",0,0,0,0,0,0,1,13,32,35,14,21,26,27,23,24,32,42,59,56,19,5,3,5
TUR,bursa,"20250109","5",4,0,0,0,0,0,0,12,29,32,14,11,12,15,21,23,27,32,49,47,16,4,3,4
TUR,bursa,"20250110","6",0,0,0,0,0,0,0,14,30,33,15,13,14,14,26,33,35,48,67,66,33,9,4,5
TUR,bursa,"20250111","7",2,0,0,0,0,0,0,3,4,8,8,12,24,36,50,50,44,40,38,34,21,14,15,15
TUR,bursa,"20250112","1",10,1,0,0,0,0,0,0,0,0,0,0,4,8,16,22,22,26,28,23,10,5,8,8
TUR,bursa,"20250113","2",2,0,0,0,0,0,6,22,43,45,26,20,19,0,0,0,0,0,0,0,0,0,0,0
TUR,bursa,"20250310","2",0,0,0,0,0,0,0,0,0,0,0,0,0,0,0,0,0,0,0,0,0,0,5,5
TUR,bursa,"20250311","3",0,0,0,0,0,0,1,10,25,29,18,16,19,22,31,37,40,61,93,66,12,11,8,10
TUR,bursa,"20250312","4",3,0,0,0,0,0,1,9,25,27,13,14,16,21,34,40,43,68,86,76,13,14,12,11
TUR,bursa,"20250313","5",2,0,0,0,0,0,1,8,30,27,13,14,18,20,37,44,41,60,81,78,15,15,12,11
TUR,bursa,"20250314","6",2,0,0,0,0,0,1,10,35,31,20,14,27,26,35,45,50,70,94,73,18,22,15,18
TUR,bursa,"20250315","7",18,2,0,0,0,0,0,1,0,3,8,20,25,36,58,60,55,56,70,69,22,33,32,40
TUR,bursa,"20250316","1",38,17,0,0,0,0,0,0,0,0,0,0,4,9,22,26,26,24,30,27,12,16,20,31
TUR,bursa,"20250317","2",17,0,0,0,0,0,0,11,29,34,21,20,27,26,35,41,47,63,87,82,9,8,8,7
TUR,bursa,"20250318","3",1,0,0,0,0,0,3,16,38,47,33,27,25,29,38,44,59,81,96,93,12,13,10,9
TUR,bursa,"20250319","4",2,0,0,0,0,0,0,9,23,34,15,16,15,19,28,36,43,56,72,68,8,9,12,12
TUR,bursa,"20250320","5",1,0,0,0,0,0,0,14,35,40,16,10,13,26,33,41,45,58,67,41,6,8,7,7
TUR,bursa,"20250321","6",0,0,0,0,0,0,0,9,22,26,10,13,16,16,38,46,55,77,95,85,15,23,20,20
TUR,bursa,"20250322","7",11,0,0,0,0,0,0,0,1,4,10,17,31,48,63,69,85,78,73,62,29,29,25,40
TUR,bursa,"20250323","1",35,9,0,0,0,0,0,0,0,0,0,0,6,17,32,41,40,31,36,25,18,29,32,36
TUR,bursa,"20250324","2",18,0,0,0,0,0,1,18,42,40,21,17,18,24,42,45,48,57,69,50,15,14,10,10
TUR,bursa,"20250325","3",2,0,0,0,0,0,0,13,29,27,16,19,20,23,37,40,47,57,73,64,24,23,15,14
TUR,bursa,"20250326","4",7,0,0,0,0,0,0,9,27,24,14,16,20,27,35,43,52,64,78,68,24,22,21,20
TUR,bursa,"20250327","5",11,0,0,0,0,0,0,12,26,24,14,16,24,30,43,49,50,61,75,64,26,30,21,21
TUR,bursa,"20250328","6",14,0,0,0,0,0,0,14,24,21,18,23,26,27,59,74,89,92,102,93,41,43,33,35
TUR,bursa,"20250329","7",33,6,0,0,0,0,0,0,0,1,8,20,31,44,72,79,72,55,32,16,19,25,21,21
TUR,bursa,"20250330","1",13,2,0,0,0,0,0,0,0,0,0,2,16,35,55,68,72,79,75,56,45,31,41,37
TUR,bursa,"20250331","2",13,0,0,0,0,0,0,0,0,0,0,6,24,62,94,98,101,100,74,56,47,37,24,18
TUR,bursa,"20250401","3",12,0,0,0,0,0,0,0,0,0,4,10,21,43,71,81,82,81,72,60,36,24,17,13
TUR,bursa,"20250402","4",2,0,0,0,0,0,3,6,4,6,9,10,17,31,41,48,45,42,53,51,17,8,4,4
TUR,bursa,"20250403","5",1,0,0,0,0,0,1,8,10,13,9,12,19,34,45,47,44,42,60,59,32,10,7,6
TUR,bursa,"20250404","6",1,0,0,0,0,0,0,5,3,5,10,13,25,26,51,60,50,48,66,66,36,15,10,10
TUR,bursa,"20250405","7",4,0,0,0,0,0,0,0,0,4,8,13,26,46,63,66,65,62,68,61,44,27,14,13
TUR,bursa,"20250406","1",8,0,0,0,0,0,0,0,0,0,0,0,9,26,41,37,25,55,51,27,20,12,9,7
TUR,bursa,"20250407","2",0,0,0,0,0,0,1,22,47,46,30,30,29,38,56,61,54,57,62,55,15,7,2,2
TUR,bursa,"20250408","3",0,0,0,0,0,0,0,15,35,35,17,14,20,27,37,39,41,45,53,44,15,4,4,4
TUR,bursa,"20250409","4",0,0,0,0,0,0,5,27,51,51,28,21,22,28,37,39,41,47,52,43,12,4,4,3
TUR,bursa,"20250410","5",0,0,0,0,0,0,1,18,37,36,20,16,21,30,39,41,50,53,62,52,16,8,5,5
TUR,bursa,"20250411","6",3,0,0,0,0,0,5,19,37,34,15,16,16,17,38,44,58,69,73,64,35,9,7,7
TUR,bursa,"20250412","7",0,0,0,0,0,0,0,2,6,13,18,31,40,59,73,70,64,60,53,39,25,21,11,8
TUR,bursa,"20250413","1",4,0,0,0,0,0,0,0,0,0,0,0,8,21,35,42,39,40,46,29,17,12,12,10
TUR,bursa,"20250414","2",0,0,0,0,0,0,2,22,48,48,27,20,22,31,38,41,42,48,59,52,20,6,4,2
TUR,bursa,"20250415","3",0,0,0,0,0,0,0,19,44,43,36,30,27,34,45,45,43,50,59,56,23,10,6,5
TUR,bursa,"20250416","4",0,0,0,0,0,0,2,23,46,45,30,22,24,32,42,42,41,55,63,57,18,12,7,6
TUR,bursa,"20250417","5",0,0,0,0,0,0,0,20,46,46,28,22,28,29,32,36,39,46,58,51,17,10,8,7
TUR,bursa,"20250418","6",1,0,0,0,0,0,3,21,41,40,31,19,20,18,37,42,46,50,67,62,31,17,10,9
TUR,bursa,"20250419","7",4,0,0,0,0,0,0,0,14,18,24,26,44,60,78,82,70,63,59,48,40,26,16,13
TUR,bursa,"20250420","1",9,0,0,0,0,0,0,0,0,0,2,9,24,37,48,46,37,26,52,49,25,15,14,8
TUR,bursa,"20250421","2",1,0,0,0,0,0,0,33,54,50,38,21,26,33,42,48,49,55,62,54,15,8,5,4
TUR,bursa,"20250422","3",0,0,0,0,0,0,2,24,46,43,29,22,23,33,42,43,39,47,59,53,19,9,5,9
TUR,bursa,"20250423","4",4,0,0,0,0,0,0,0,2,7,10,18,30,62,69,62,43,36,37,33,22,13,7,5
TUR,bursa,"20250424","5",0,0,0,0,0,0,4,23,39,37,22,20,20,36,50,50,41,48,52,45,21,6,4,4
TUR,bursa,"20250425","6",0,0,0,0,0,0,2,19,33,31,16,19,20,19,57,48,49,59,86,67,36,43,45,41
TUR,bursa,"20250426","7",29,18,10,5,2,3,3,2,5,11,13,20,34,57,65,63,51,60,60,42,37,32,17,16
TUR,bursa,"20250427","1",10,14,3,1,0,0,25,35,32,21,20,25,40,24,42,31,42,65,28,40,39,38,38,26
TUR,bursa,"20250428","2",14,7,3,1,0,0,23,36,45,43,24,32,50,49,38,80,46,74,73,50,43,43,40,2
TUR,bursa,"20250429","3",16,6,0,1,0,0,21,32,112,40,27,32,22,46,76,87,59,90,91,69,53,28,33,26
TUR,bursa,"20250430","4",0,7,4,1,0,0,20,32,43,42,25,30,50,45,41,111,53,79,76,61,29,40,41,30
TUR,bursa,"20250501","5",18,9,4,2,0,0,14,21,19,18,22,35,43,38,47,55,52,73,73,30,61,77,86,77
TUR,bursa,"20250502","6",56,30,14,7,3,0,4,24,48,45,54,55,61,66,62,64,64,68,67,54,20,10,5,4
TUR,bursa,"20250503","7",1,0,0,0,0,0,0,0,4,9,13,19,34,57,70,68,62,58,58,51,33,21,14,23
TUR,bursa,"20250504","1",22,0,0,0,0,0,0,0,0,0,2,4,13,26,40,45,45,42,28,24,17,16,18,12
TUR,bursa,"20250505","2",0,0,0,0,0,0,1,23,47,43,25,20,25,32,41,44,48,54,61,51,15,8,6,6
TUR,bursa,"20250506","3",0,0,0,0,0,0,1,20,48,48,28,24,22,31,39,38,41,51,61,56,18,10,6,9
TUR,bursa,"20250507","4",0,0,0,0,0,0,0,22,41,39,25,20,23,30,39,41,37,46,58,50,18,11,6,5
TUR,bursa,"20250508","5",0,0,0,0,0,0,1,24,43,40,27,22,21,30,36,36,40,55,64,60,22,14,9,8
TUR,bursa,"20250509","6",0,0,0,0,0,0,0,27,46,43,31,26,21,19,41,56,62,62,71,67,42,16,12,11
TUR,bursa,"20250510","7",3,0,0,0,0,0,0,2,7,15,21,23,50,66,74,76,65,64,60,60,47,23,18,17
TUR,bursa,"20250511","1",9,0,0,0,0,0,0,0,0,0,0,3,13,26,38,48,48,41,38,25,18,13,15,11
TUR,bursa,"20250512","2",0,0,0,0,0,0,0,21,40,37,25,21,23,30,39,39,43,56,65,64,15,8,5,3
TUR,bursa,"20250513","3",0,0,0,0,0,0,1,21,46,45,28,22,22,28,35,35,42,53,63,63,22,10,7,4
TUR,bursa,"20250514","4",0,0,0,0,0,0,1,21,42,41,25,20,26,30,38,39,45,56,67,65,22,8,8,5
TUR,bursa,"20250515","5",0,0,0,0,0,0,1,25,47,44,25,21,24,37,40,39,44,51,60,57,22,11,10,8
TUR,bursa,"20250516","6",0,0,0,0,0,0,3,29,40,42,21,20,24,21,42,43,50,55,67,62,42,23,12,10
TUR,bursa,"20250517","7",6,0,0,0,0,0,0,1,4,13,14,18,39,62,70,74,71,68,65,44,24,15,10,9
TUR,bursa,"20250518","1",6,0,0,0,0,0,0,0,0,0,0,4,13,23,30,38,36,31,28,24,18,36,40,32
TUR,bursa,"20250519","2",15,0,0,0,0,0,0,0,0,5,9,19,25,42,54,53,50,45,47,52,52,43,26,27
TUR,bursa,"20250520","3",6,0,0,0,0,0,3,38,74,76,53,33,24,29,40,42,44,59,69,64,21,17,6,4
TUR,bursa,"20250521","4",0,0,0,0,0,0,2,26,46,43,30,25,25,29,35,39,43,53,69,69,29,13,7,6
TUR,bursa,"20250522","5",1,0,0,0,0,0,0,24,44,44,27,22,23,29,36,36,38,45,54,48,17,11,9,7
TUR,bursa,"20250523","6",2,0,0,0,0,0,2,24,41,38,24,20,21,18,40,47,53,67,77,68,28,17,12,13
TUR,bursa,"20250524","7",10,2,0,0,0,0,0,3,9,21,22,24,38,53,63,62,53,48,39,34,28,21,20,20
TUR,bursa,"20250525","1",19,8,0,0,0,0,0,0,0,0,4,5,13,21,32,50,54,50,23,28,23,20,27,20
TUR,bursa,"20250526","2",2,0,0,0,0,0,8,35,62,59,35,31,24,28,40,60,64,68,71,58,19,5,3,3
TUR,bursa,"20250527","3",0,0,0,0,0,0,2,20,45,42,24,19,22,27,36,37,43,53,67,55,24,9,7,5
TUR,bursa,"20250528","4",1,0,0,0,0,0,2,22,43,42,28,23,22,27,35,37,41,49,59,51,22,12,7,5
TUR,bursa,"20250529","5",3,0,0,0,0,0,1,22,40,38,27,22,22,27,36,36,38,51,62,51,21,10,10,9
TUR,bursa,"20250530","6",8,0,0,0,0,0,3,23,40,38,21,21,21,17,40,47,50,55,70,67,40,21,13,16
TUR,bursa,"20250531","7",13,0,0,0,0,0,0,1,10,14,18,21,34,50,61,64,56,52,44,33,27,20,19,16
TUR,bursa,"20250601","1",15,0,0,0,0,0,0,0,0,0,1,4,10,20,30,37,36,28,20,19,15,17,22,13
TUR,bursa,"20250602","2",6,0,0,0,0,0,0,22,39,36,22,22,25,32,43,45,48,61,67,59,29,11,8,6
TUR,bursa,"20250603","3",2,0,0,0,0,0,1,22,41,41,26,25,24,34,42,45,45,56,67,59,24,15,12,9
TUR,bursa,"20250604","4",1,0,0,0,0,0,0,20,33,31,24,27,31,40,52,54,58,73,83,78,43,25,17,13
TUR,bursa,"20250605","5",8,0,0,0,0,0,0,2,11,14,22,30,54,74,69,55,42,28,23,18,14,15,15,14
TUR,bursa,"20250606","6",10,1,0,0,0,0,0,0,0,0,0,2,3,3,14,14,13,11,16,16,16,19,20,18
TUR,bursa,"20250607","7",7,0,0,0,0,0,0,0,0,0,0,2,8,15,30,34,35,30,27,23,20,20,19,14
TUR,bursa,"20250608","1",13,0,0,0,0,0,0,0,0,0,0,4,11,23,35,42,40,35,23,21,18,18,16,13
TUR,bursa,"20250609","2",9,0,0,0,0,0,0,0,0,0,0,3,8,14,27,27,25,23,25,27,22,28,27,23
TUR,bursa,"20250610","3",17,0,0,0,0,0,1,16,31,25,13,15,17,21,30,31,35,43,54,50,14,9,8,7
TUR,bursa,"20250611","4",1,0,0,0,0,0,2,19,31,26,22,20,20,30,34,38,41,52,64,57,18,11,8,8
TUR,bursa,"20250612","5",4,0,0,0,0,0,2,16,27,24,19,19,21,25,35,39,38,44,57,49,20,13,13,10
TUR,bursa,"20250613","6",8,0,0,0,0,0,2,14,27,24,20,20,21,18,41,45,47,52,66,64,33,19,16,18
TUR,bursa,"20250614","7",11,0,0,0,0,0,0,0,7,12,16,20,30,43,56,57,51,48,41,38,39,25,24,27
TUR,bursa,"20250615","1",29,11,0,0,0,0,0,0,2,2,1,4,11,27,24,24,24,21,23,27,23,17,20,19
TUR,bursa,"20250616","2",19,0,0,0,0,0,1,22,34,32,22,29,29,32,40,43,40,54,68,64,29,9,9,8
TUR,bursa,"20250617","3",4,0,0,0,0,0,0,20,29,27,26,24,29,31,39,40,41,51,61,57,19,10,10,9
TUR,bursa,"20250618","4",6,0,0,0,0,0,1,20,31,28,30,32,30,31,39,37,42,52,66,63,24,12,15,17
TUR,bursa,"20250619","5",6,0,0,0,0,0,0,21,32,29,20,19,21,28,41,46,41,53,61,54,22,13,13,12
TUR,bursa,"20250620","6",5,0,0,0,0,0,0,22,28,29,28,34,36,27,44,50,49,53,70,67,40,20,17,18
TUR,bursa,"20250621","7",10,1,0,0,0,0,0,3,23,30,16,15,24,63,61,55,44,43,36,33,35,21,22,24
TUR,bursa,"20250622","1",20,10,0,0,0,0,0,0,0,1,1,2,15,24,24,20,20,20,24,29,26,21,23,19
TUR,bursa,"20250623","2",7,0,0,0,0,0,0,23,35,31,23,21,25,36,46,49,42,61,70,62,20,11,9,8
TUR,bursa,"20250624","3",3,0,0,0,0,0,0,19,27,27,24,20,26,37,45,42,34,50,64,59,22,12,11,12
TUR,bursa,"20250625","4",14,0,0,0,0,0,0,28,36,32,26,22,28,33,37,39,44,51,68,67,32,14,14,11
TUR,bursa,"20250626","5",9,0,0,0,0,0,3,16,24,24,22,21,26,34,37,34,34,43,53,51,27,18,16,18
TUR,bursa,"20250627","6",24,9,0,0,0,0,3,15,31,30,28,26,24,20,44,54,51,55,67,66,44,32,21,23
TUR,bursa,"20250628","7",14,0,0,0,0,0,0,2,5,11,13,18,26,36,46,46,48,46,38,42,43,35,32,34
TUR,bursa,"20250629","1",27,15,0,0,0,0,0,0,0,0,0,3,10,15,22,36,32,24,23,26,24,24,28,28
TUR,bursa,"20250630","2",18,0,0,0,0,0,2,19,25,23,22,22,23,33,48,48,48,51,60,57,25,17,16,15
TUR,bursa,"20250701","3",5,0,0,0,0,0,3,19,24,22,21,20,22,24,34,37,41,55,73,67,28,14,15,13
TUR,bursa,"20250702","4",3,0,0,0,0,0,0,19,23,21,20,19,20,25,37,40,40,48,66,62,28,14,15,15
TUR,bursa,"20250703","5",7,0,0,0,0,0,2,19,22,20,17,17,20,24,33,38,42,50,60,56,31,19,20,22
TUR,bursa,"20250704","6",15,0,0,0,0,0,0,22,24,22,20,20,20,17,40,44,42,54,73,70,52,32,24,23
TUR,bursa,"20250705","7",15,5,0,0,0,0,0,2,6,9,13,15,24,38,61,70,62,50,39,45,48,43,37,36
TUR,bursa,"20250706","1",31,13,0,0,0,0,0,0,0,0,0,3,7,11,16,17,17,16,20,24,26,27,29,27
TUR,bursa,"20250707","2",20,1,0,0,0,0,0,20,27,24,21,23,23,33,37,36,35,51,74,74,28,12,12,11
TUR,bursa,"20250708","3",4,0,0,0,0,0,5,19,22,22,22,22,19,22,33,33,31,40,58,55,18,14,13,11
TUR,bursa,"20250709","4",5,0,0,0,0,0,0,16,25,22,21,19,18,22,30,30,27,36,53,58,23,16,15,13
TUR,bursa,"20250710","5",8,1,0,0,0,0,0,19,22,21,19,24,24,24,35,35,38,51,67,63,27,18,14,16
TUR,bursa,"20250711","6",16,2,0,0,0,0,0,21,27,25,19,21,21,17,40,45,45,60,77,78,52,38,25,15
TUR,bursa,"20250712","7",12,3,0,0,0,0,0,2,8,11,13,16,25,33,46,53,49,47,36,32,31,25,24,24
TUR,bursa,"20250713","1",25,8,0,0,0,0,0,0,0,0,0,2,8,9,13,16,21,19,18,19,20,22,24,21
TUR,bursa,"20250714","2",12,0,0,0,0,0,0,13,17,20,21,23,23,30,41,43,42,50,61,54,25,14,13,10
TUR,bursa,"20250715","3",5,0,0,0,0,0,0,0,1,4,7,11,13,18,27,29,32,31,38,38,38,29,21,14
TUR,bursa,"20250716","4",8,0,0,0,0,0,0,18,23,21,20,21,21,25,39,41,36,50,68,60,21,15,13,10
TUR,bursa,"20250717","5",6,0,0,0,0,0,0,17,19,18,18,19,19,24,36,36,34,41,54,50,26,15,14,13
TUR,bursa,"20250718","6",7,0,0,0,0,0,3,17,23,20,18,20,22,17,42,44,42,50,73,73,45,30,19,16
TUR,bursa,"20250719","7",14,3,0,0,0,0,0,1,9,10,16,16,22,37,42,45,41,42,39,32,34,26,22,24
TUR,bursa,"20250720","1",23,8,0,0,0,0,0,0,0,0,0,2,6,10,13,14,15,15,24,27,24,23,28,24
TUR,bursa,"20250721","2",13,0,0,0,0,0,3,20,26,21,22,23,23,31,43,45,43,54,71,64,21,16,11,10
TUR,bursa,"20250722","3",4,0,0,0,0,0,2,12,20,24,27,22,19,22,28,32,31,45,62,59,28,16,13,11
TUR,bursa,"20250723","4",7,0,0,0,0,0,2,17,19,17,22,21,19,21,28,27,29,38,53,51,22,16,15,14
TUR,bursa,"20250724","5",12,0,0,0,0,0,2,12,20,19,16,17,16,23,31,31,27,48,72,65,29,17,14,13
TUR,bursa,"20250725","6",7,0,0,0,0,0,2,18,22,22,18,20,24,17,37,40,39,55,70,69,45,34,20,16
TUR,bursa,"20250726","7",13,4,0,0,0,0,0,2,4,8,11,14,23,30,39,39,40,39,35,35,40,33,25,27
TUR,bursa,"20250727","1",23,8,0,0,0,0,0,0,0,0,0,0,2,6,8,11,13,13,14,19,22,22,23,17
TUR,bursa,"20250728","2",9,0,0,0,0,0,0,18,22,22,24,21,20,26,37,39,38,46,67,63,21,15,11,8
TUR,bursa,"20250729","3",3,0,0,0,0,0,0,17,20,17,16,17,22,23,31,32,32,55,77,73,34,18,13,11
TUR,bursa,"20250730","4",5,0,0,0,0,0,0,24,25,20,18,19,20,26,35,38,38,47,61,58,29,19,13,11
TUR,bursa,"20250731","5",4,0,0,0,0,0,0,15,18,16,16,17,20,24,36,38,38,46,66,63,37,21,12,11
TUR,bursa,"20250801","6",4,0,0,0,0,0,2,19,24,19,19,24,21,17,45,51,53,60,81,80,55,25,12,12
TUR,bursa,"20250802","7",7,0,0,0,0,0,0,2,4,12,17,19,24,30,47,51,53,49,41,35,32,20,16,14
TUR,bursa,"20250803","1",14,2,0,0,0,0,0,0,0,0,0,0,5,9,16,20,21,22,19,19,34,35,24,19
TUR,bursa,"20250804","2",8,0,0,0,0,0,0,21,23,19,19,21,23,27,38,46,47,53,63,64,26,14,11,7
TUR,bursa,"20250805","3",4,0,0,0,0,0,0,13,17,17,20,19,18,20,39,40,40,51,64,61,26,16,11,10
TUR,bursa,"20250806","4",4,0,0,0,0,0,1,15,20,18,15,16,19,26,36,39,48,53,65,63,36,20,11,11
TUR,bursa,"20250807","5",4,0,0,0,0,0,6,21,33,33,26,23,24,28,41,41,40,49,66,65,36,20,13,11
TUR,bursa,"20250808","6",3,0,0,0,0,0,0,14,16,14,17,18,19,16,40,49,48,56,74,71,47,28,13,15
TUR,bursa,"20250809","7",16,0,0,0,0,0,0,0,2,6,10,16,20,30,41,47,47,47,51,45,37,34,24,22
TUR,bursa,"20250810","1",16,1,0,0,0,0,0,0,0,0,0,2,5,8,15,16,15,15,19,25,45,42,28,26
TUR,bursa,"20250811","2",12,0,0,0,0,0,2,19,19,18,18,18,22,29,39,38,43,53,64,61,26,15,9,8
TUR,bursa,"20250812","3",2,0,0,0,0,0,1,16,19,18,16,18,19,26,40,40,35,44,62,59,26,13,11,9
TUR,bursa,"20250813","4",4,0,0,0,0,0,0,11,17,16,15,17,17,25,34,40,41,49,70,69,33,18,22,14
TUR,bursa,"20250814","5",4,0,0,0,0,0,1,13,15,16,16,16,24,25,34,35,37,57,69,65,42,20,12,11
TUR,bursa,"20250815","6",3,0,0,0,0,0,1,14,16,15,16,19,20,18,43,48,54,66,82,80,63,51,16,15
TUR,bursa,"20250816","7",9,2,0,0,0,0,0,0,2,7,12,15,27,42,60,58,55,56,57,59,57,40,47,44
TUR,bursa,"20250817","1",21,11,0,0,0,0,0,0,0,0,0,4,5,10,17,18,18,19,24,26,30,26,23,20
TUR,bursa,"20250818","2",6,0,0,0,0,0,2,17,28,27,28,24,24,30,43,48,44,56,72,66,25,12,8,8
TUR,bursa,"20250819","3",2,0,0,0,0,0,0,15,21,19,17,18,20,27,37,40,35,48,63,59,26,15,10,8
TUR,bursa,"20250820","4",3,0,0,0,0,0,0,18,21,19,17,18,20,27,38,41,39,52,66,64,36,15,11,7
TUR,bursa,"20250821","5",3,0,0,0,0,0,0,16,23,22,15,16,20,26,38,40,36,49,82,81,58,26,13,11
TUR,bursa,"20250822","6",11,2,0,0,0,0,2,16,23,19,18,18,19,18,43,47,45,54,73,74,60,39,16,19
TUR,bursa,"20250823","7",19,2,0,0,0,0,0,1,4,7,12,16,22,30,44,48,49,52,48,47,46,34,17,17
TUR,bursa,"20250824","1",16,6,0,0,0,0,0,0,0,0,0,2,7,12,20,29,37,28,29,30,31,27,35,25
TUR,bursa,"20250825","2",15,0,0,0,0,0,0,20,29,27,25,23,25,31,45,49,47,65,75,73,36,15,10,7
TUR,bursa,"20250826","3",0,0,0,0,0,0,2,16,29,26,19,19,20,28,40,41,38,52,66,64,34,21,23,16
TUR,bursa,"20250827","4",5,0,0,0,0,0,2,17,25,22,19,18,22,29,43,42,37,51,67,64,30,18,11,7
TUR,bursa,"20250828","5",2,0,0,0,0,0,0,20,32,29,20,21,20,26,42,42,39,48,66,64,34,27,12,12
TUR,bursa,"20250829","6",7,0,0,0,0,0,3,18,24,24,34,28,28,20,46,49,48,66,84,86,76,53,21,14
TUR,bursa,"20250830","7",9,2,0,0,0,0,0,0,2,7,11,21,27,30,39,44,46,50,55,48,48,55,49,21
TUR,bursa,"20250831","1",14,1,0,0,0,0,0,0,0,0,0,2,8,13,19,26,26,27,26,28,29,23,25,22
TUR,bursa,"20250901","2",20,0,0,0,0,0,0,22,41,40,21,20,22,31,51,53,49,68,79,74,38,16,9,7
TUR,bursa,"20250902","3",1,0,0,0,0,0,3,17,31,30,24,23,36,45,47,42,38,53,73,70,39,15,9,7
TUR,bursa,"20250903","4",1,0,0,0,0,0,0,18,34,42,26,19,27,36,43,49,47,55,74,70,44,27,16,13
TUR,bursa,"20250904","5",4,0,0,0,0,0,7,25,35,33,22,19,27,34,42,42,40,49,69,67,39,16,11,26
TUR,bursa,"20250905","6",14,0,0,0,0,0,3,19,26,26,26,22,27,26,53,59,56,64,82,81,66,34,25,17
TUR,bursa,"20250906","7",13,0,0,0,0,0,1,6,8,8,12,19,47,47,69,71,67,81,81,65,58,32,19,20
TUR,bursa,"20250907","1",15,3,0,0,0,0,0,0,0,0,0,2,15,20,31,36,35,31,32,31,30,20,13,10
TUR,bursa,"20250908","2",3,0,0,0,0,0,0,33,73,66,31,29,29,27,41,47,51,57,61,57,23,9,6,7
TUR,bursa,"20250909","3",0,0,0,0,0,0,3,28,54,48,21,19,21,29,41,46,50,56,60,57,32,15,6,6
TUR,bursa,"20250910","4",0,0,0,0,0,0,2,25,52,47,22,19,19,30,36,39,50,59,70,65,36,20,7,6
TUR,bursa,"20250911","5",3,0,0,0,0,0,3,24,50,46,28,29,18,27,37,39,44,57,68,61,33,14,8,9
TUR,bursa,"20250912","6",1,0,0,0,0,0,0,23,45,40,18,19,18,17,40,46,54,64,75,70,47,22,9,12
TUR,bursa,"20250913","7",7,0,0,0,0,0,0,0,4,9,13,19,31,48,74,74,61,58,53,46,46,39,35,22
TUR,bursa,"20250914","1",11,2,0,0,0,0,0,0,0,0,0,4,10,19,22,28,29,27,29,28,28,21,14,16
TUR,bursa,"20250915","2",9,0,0,0,0,0,3,25,49,44,20,19,21,33,39,44,51,62,67,60,24,11,5,4
TUR,bursa,"20250916","3",0,0,0,0,0,0,0,25,51,50,25,20,25,27,33,41,45,56,72,69,43,14,6,6
TUR,bursa,"20250917","4",1,0,0,0,0,0,0,27,52,48,30,29,23,26,33,42,50,62,70,64,40,11,7,5
TUR,bursa,"20250918","5",0,0,0,0,0,0,7,26,54,52,26,23,25,29,36,39,47,61,69,65,45,10,6,3
TUR,bursa,"20250919","6",0,0,0,0,0,0,1,24,50,43,23,20,21,19,41,50,60,67,82,80,60,24,12,11
TUR,bursa,"20250920","7",7,0,0,0,0,0,0,4,7,9,12,18,30,48,66,69,64,67,65,63,61,31,19,19
TUR,bursa,"20250921","1",12,0,0,0,0,0,0,0,0,0,5,6,15,18,26,33,34,28,28,31,31,17,18,15
TUR,bursa,"20250922","2",9,0,0,0,0,0,3,29,51,47,24,19,22,26,36,38,44,58,65,58,23,8,4,3
TUR,bursa,"20250923","3",0,0,0,0,0,0,0,25,47,43,23,18,19,24,33,37,41,48,60,59,27,9,9,4
TUR,bursa,"20250924","4",0,0,0,0,0,0,0,25,47,44,22,18,20,24,33,38,44,59,69,65,30,11,5,4
TUR,bursa,"20250925","5",0,0,0,0,0,0,4,21,44,44,22,20,19,33,41,40,50,65,74,71,41,18,7,7
TUR,bursa,"20250926","6",0,0,0,0,0,0,4,27,48,43,21,20,24,19,35,48,61,73,85,85,64,22,13,11
TUR,bursa,"20250927","7",2,0,0,0,0,0,0,1,6,10,15,19,31,58,72,79,78,85,88,87,86,43,24,26
TUR,bursa,"20250928","1",15,2,0,0,0,0,0,0,0,0,0,4,11,30,49,61,63,57,54,44,25,38,31,9
TUR,bursa,"20250929","2",0,0,0,0,0,0,11,42,80,85,55,35,35,42,53,60,75,94,90,78,33,9,7,4
TUR,bursa,"20250930","3",0,0,0,0,0,0,4,25,43,40,25,18,20,31,38,40,46,54,65,64,30,8,4,1
TUR,bursa,"20251001","4",0,0,0,0,0,0,3,25,52,49,26,19,20,26,36,43,49,60,75,72,37,10,6,3
TUR,bursa,"20251002","5",0,0,0,0,0,0,3,24,46,43,19,16,18,26,34,39,46,59,69,67,29,7,6,4
TUR,bursa,"20251003","6",0,0,0,0,0,0,3,24,45,41,18,29,27,30,52,64,67,86,108,104,69,25,13,15
TUR,bursa,"20251004","7",14,0,0,0,0,0,0,2,7,12,14,24,43,66,87,93,89,89,93,90,70,17,28,25
TUR,bursa,"20251006","2",0,0,0,0,0,0,3,30,59,58,36,20,23,33,42,45,52,64,85,84,38,8,3,2
TUR,bursa,"20251007","3",0,0,0,0,0,0,7,38,66,61,29,21,24,47,60,65,62,74,79,72,29,7,14,11
TUR,bursa,"20251008","4",3,0,0,0,0,0,7,29,50,46,21,19,34,47,53,64,63,80,87,85,39,12,4,3
TUR,bursa,"20251009","5",0,0,0,0,0,0,4,26,57,56,30,22,22,38,41,51,54,65,74,68,26,8,6,5
TUR,bursa,"20251010","6",1,0,0,0,0,0,8,32,53,51,26,23,25,26,49,57,67,87,108,114,89,45,13,7
TUR,bursa,"20251011","7",6,0,0,0,0,0,0,2,7,16,17,18,39,62,83,86,94,120,116,106,76,26,15,9
TUR,bursa,"20251012","1",9,1,0,0,0,0,0,0,0,0,0,3,8,22,39,52,56,60,59,49,30,33,30,10
TUR,bursa,"20251013","2",0,0,0,0,0,0,4,26,47,44,21,16,27,32,41,44,49,60,75,68,21,7,3,2
TUR,bursa,"20251014","3",0,0,0,0,0,0,0,24,51,50,31,21,21,26,37,39,51,85,99,94,45,13,4,2
TUR,bursa,"20251015","4",0,0,0,0,0,0,5,25,55,53,26,18,19,30,39,41,46,60,76,72,29,10,7,5
TUR,bursa,"20251016","5",1,0,0,0,0,0,0,24,50,46,21,19,23,31,41,44,50,64,78,73,47,10,7,6
TUR,bursa,"20251017","6",2,0,0,0,0,0,4,25,49,45,22,18,20,23,43,50,57,76,89,90,55,16,10,9
TUR,bursa,"20251018","7",4,2,0,0,0,0,1,4,8,12,18,18,35,57,75,80,78,81,74,65,45,19,15,14
TUR,bursa,"20251019","1",20,1,0,0,0,0,0,0,0,0,1,9,21,31,38,49,47,44,40,27,16,8,6,5
TUR,bursa,"20251020","2",0,0,0,0,0,0,4,26,55,50,23,18,21,29,45,49,53,69,81,78,28,7,3,2
TUR,bursa,"20251021","3",0,0,0,0,0,0,0,24,55,52,31,21,23,30,49,54,47,66,82,76,28,8,4,3
TUR,bursa,"20251022","4",0,0,0,0,0,0,3,34,60,53,29,23,23,30,39,39,51,63,79,79,25,4,4,3
TUR,bursa,"20251023","5",0,0,0,0,0,0,0,24,50,45,25,23,24,34,46,47,49,59,73,69,26,10,6,4
TUR,bursa,"20251024","6",0,0,0,0,0,0,0,24,44,42,30,20,22,26,41,44,56,71,93,93,59,18,11,17
TUR,bursa,"20251025","7",12,0,0,0,0,0,1,7,15,22,20,19,35,66,76,78,58,69,75,69,54,41,36,19
TUR,bursa,"20251026","1",12,1,0,0,0,0,0,0,0,0,0,4,13,20,40,44,42,41,38,49,41,20,11,5
TUR,bursa,"20251027","2",0,0,0,0,0,0,0,29,57,53,24,24,22,39,53,55,60,82,91,91,46,16,13,19
TUR,bursa,"20251028","3",8,0,0,0,0,0,2,19,35,31,22,29,49,78,76,66,56,53,55,54,33,23,11,9
TUR,bursa,"20251029","4",2,0,0,0,0,0,0,0,1,5,9,18,27,33,45,49,44,50,60,61,47,27,9,11
TUR,bursa,"20251030","5",1,0,0,0,0,0,3,17,58,55,31,28,23,29,37,39,53,71,86,82,35,7,5,4
TUR,bursa,"20251031","6",0,0,0,0,0,0,0,27,60,56,30,21,21,25,43,46,54,72,90,86,48,11,8,8
TUR,bursa,"20251101","7",0,0,0,0,0,0,0,2,5,6,12,19,29,50,65,63,58,62,67,66,38,9,13,15
TUR,bursa,"20251102","1",9,0,0,0,0,0,0,0,0,0,0,1,8,26,31,28,23,56,56,43,20,4,5,3
TUR,bursa,"20251103","2",0,0,0,0,0,0,0,27,55,51,27,19,22,34,38,41,47,60,81,76,21,6,3,4
TUR,bursa,"20251104","3",0,0,0,0,0,0,0,25,57,53,26,18,21,28,32,37,49,65,79,75,37,7,5,4
TUR,bursa,"20251105","4",0,0,0,0,0,0,0,25,48,45,27,18,20,31,36,41,48,64,72,63,31,5,5,1
TUR,bursa,"20251106","5",0,0,0,0,0,0,0,26,51,46,22,15,20,27,37,43,52,64,79,77,47,14,6,5
TUR,bursa,"20251107","6",0,0,0,0,0,0,1,33,55,59,28,20,21,27,45,52,61,73,92,89,54,21,9,8
TUR,bursa,"20251108","7",2,0,0,0,0,0,0,3,13,15,14,21,33,52,71,76,72,75,76,73,47,19,21,24
TUR,bursa,"20251109","1",10,6,0,0,0,0,0,0,0,0,0,3,11,29,42,44,42,39,37,35,25,12,9,4
TUR,bursa,"20251110","2",4,0,0,0,0,0,0,23,33,28,20,20,23,33,41,42,51,70,92,86,36,7,5,4
TUR,bursa,"20251111","3",0,0,0,0,0,0,6,24,33,31,32,32,30,43,49,48,45,76,104,95,48,15,12,8
TUR,bursa,"20251112","4",1,0,0,0,0,0,2,23,23,20,22,29,29,36,42,43,52,74,94,89,42,9,6,6
TUR,bursa,"20251113","5",4,0,0,0,0,0,0,16,19,16,17,18,25,36,48,52,52,69,93,92,52,14,8,6
TUR,bursa,"20251114","6",0,0,0,0,0,0,0,19,21,23,22,23,27,30,55,57,62,78,105,104,68,23,9,7
TUR,bursa,"20251115","7",1,0,0,0,0,0,0,3,2,7,12,20,37,57,76,82,80,84,90,73,29,9,41,37
TUR,bursa,"20251116","1",12,0,0,0,0,0,0,0,0,0,0,1,10,29,47,51,47,43,42,38,22,16,7,4
TUR,bursa,"20251117","2",0,0,0,0,0,0,0,30,57,55,29,22,23,32,43,46,53,72,90,76,22,6,3,2
TUR,bursa,"20251118","3",0,0,0,0,0,0,0,25,51,48,26,24,22,33,37,39,48,61,78,72,33,5,3,2
TUR,bursa,"20251119","4",0,0,0,0,0,0,0,35,53,50,22,19,23,30,35,37,44,65,79,71,32,7,4,2
TUR,bursa,"20251120","5",0,0,0,0,0,0,0,16,44,42,20,20,22,31,39,39,48,66,85,79,34,9,6,6
TUR,bursa,"20251121","6",0,0,0,0,0,0,0,24,43,41,28,24,24,26,49,50,56,71,89,85,56,13,12,13
TUR,bursa,"20251122","7",6,0,0,0,0,0,0,3,5,12,14,21,39,59,70,71,64,74,75,66,41,14,15,12
TUR,bursa,"20251123","1",8,2,0,0,0,0,0,0,0,0,0,1,7,22,30,35,37,41,39,32,19,14,8,4
TUR,bursa,"20251124","2",0,0,0,0,0,0,4,37,67,64,35,25,30,35,46,47,56,73,88,81,29,8,4,3
TUR,bursa,"20251125","3",0,0,0,0,0,0,0,25,50,48,29,21,30,34,47,48,53,68,83,74,24,3,2,2
TUR,bursa,"20251126","4",0,0,0,0,0,0,0,22,46,43,24,21,25,32,36,39,46,67,84,75,26,6,4,5
TUR,bursa,"20251127","5",4,0,0,0,0,0,3,26,49,45,23,18,21,28,39,40,47,63,78,70,33,7,4,4
TUR,bursa,"20251128","6",0,0,0,0,0,0,0,24,44,42,23,23,23,29,45,51,59,79,87,82,44,23,7,12
TUR,bursa,"20251129","7",5,0,0,0,0,0,0,2,7,18,27,32,37,61,88,89,69,71,64,55,37,17,11,10
TUR,bursa,"20251130","1",6,1,0,0,0,0,0,0,0,0,0,0,10,35,55,54,48,94,87,55,24,10,7,5
TUR,bursa,"20251201","2",0,0,0,0,0,0,0,30,70,64,39,24,26,35,44,46,56,72,84,77,17,1,4,4
TUR,bursa,"20251202","3",0,0,0,0,0,0,0,24,46,44,22,19,22,27,37,40,44,64,79,73,27,6,4,2
TUR,bursa,"20251203","4",0,0,0,0,0,0,0,29,53,50,26,20,22,28,42,43,51,66,82,75,28,5,3,3
TUR,bursa,"20251204","5",0,0,0,0,0,0,0,22,42,40,20,26,30,34,41,41,44,63,79,72,25,9,4,3
TUR,bursa,"20251205","6",0,0,0,0,0,0,0,27,50,48,22,19,21,24,48,52,60,79,89,84,56,13,6,6
TUR,bursa,"20251206","7",0,0,0,0,0,0,0,2,11,23,17,25,44,65,76,92,72,73,75,73,43,25,17,13
TUR,bursa,"20251207","1",10,2,0,0,0,0,0,1,0,0,0,2,12,24,40,57,68,66,52,36,25,17,13,9
TUR,bursa,"20251208","2",3,0,0,0,0,0,3,41,63,57,26,22,25,35,42,44,54,64,75,64,16,5,3,3
TUR,bursa,"20251209","3",0,0,0,0,0,0,0,25,51,47,23,19,20,30,39,40,47,68,87,80,24,5,3,1
TUR,bursa,"20251210","4",0,0,0,0,0,0,0,25,43,39,25,18,22,31,41,45,57,74,85,73,31,6,4,4
TUR,bursa,"20251211","5",0,0,0,0,0,0,0,23,52,50,25,19,23,30,40,42,49,69,81,82,30,10,5,3
TUR,bursa,"20251212","6",0,0,0,0,0,0,0,25,44,41,21,20,21,22,43,53,65,70,82,91,63,15,7,6
TUR,bursa,"20251213","7",1,0,0,0,0,0,0,1,10,12,19,28,38,59,74,74,66,76,73,68,40,20,15,21
TUR,bursa,"20251214","1",22,4,0,0,0,0,0,0,0,0,0,1,9,20,36,41,50,49,45,41,24,12,6,3
TUR,bursa,"20251215","2",0,0,0,0,0,0,0,25,49,43,24,32,32,31,45,47,51,69,80,73,25,7,3,1
TUR,bursa,"20251216","3",0,0,0,0,0,0,0,16,47,46,28,23,27,35,45,47,60,76,92,84,31,6,3,2
TUR,bursa,"20251217","4",0,0,0,0,0,0,3,23,45,41,24,23,32,43,55,59,69,86,100,97,62,29,7,3
TUR,bursa,"20251218","5",0,0,0,0,0,0,0,22,40,37,28,21,27,32,43,45,55,69,84,80,44,8,5,4
TUR,bursa,"20251219","6",0,0,0,0,0,0,0,24,37,42,22,22,24,22,46,52,66,81,100,101,81,24,9,8
TUR,bursa,"20251220","7",1,0,0,0,0,0,0,2,6,14,20,22,38,61,81,85,80,77,64,94,101,58,19,16
TUR,bursa,"20251221","1",14,0,0,0,0,0,0,0,0,0,0,1,11,22,45,55,60,60,54,50,32,17,20,14
TUR,bursa,"20251222","2",3,0,0,0,0,0,7,32,54,51,30,21,26,32,44,54,61,74,86,79,26,6,3,2
TUR,bursa,"20251223","3",0,0,0,0,0,0,2,31,56,53,29,24,28,36,43,47,54,66,75,70,33,5,3,3
TUR,bursa,"20251224","4",0,0,0,0,0,0,0,25,49,46,27,21,27,37,51,52,58,72,81,74,35,10,6,4
TUR,bursa,"20251225","5",0,0,0,0,0,0,0,28,51,48,29,24,29,40,55,60,60,76,86,84,40,17,10,6
TUR,bursa,"20251226","6",1,0,0,0,0,0,2,23,52,48,21,22,26,26,57,59,68,76,86,77,38,13,8,7
TUR,bursa,"20251227","7",2,0,0,0,0,0,0,6,11,20,21,29,45,66,79,82,81,81,68,62,38,17,14,11
TUR,bursa,"20251228","1",7,0,0,0,0,0,0,0,0,0,0,0,9,27,54,65,69,54,39,28,17,11,9,9
TUR,bursa,"20251229","2",1,0,0,0,0,0,1,20,54,51,27,26,36,42,55,65,73,83,96,83,26,6,4,2
TUR,bursa,"20251230","3",0,0,0,0,0,0,0,16,44,42,26,26,31,44,64,70,78,94,107,96,67,23,13,10
TUR,bursa,"20251231","4",10,0,0,0,0,0,0,30,53,51,34,41,41,43,54,57,74,82,84,72,24,11,8,6
TUR,bursa,"20260101","5",6,2,0,0,0,0,3,33,45,44,20,13,10,11,18,23,22,17,18,17,10,7,6,5
TUR,bursa,"20260102","6",0,0,0,0,0,0,5,14,17,15,13,17,19,19,51,58,56,59,64,57,25,7,4,3
TUR,bursa,"20260103","7",0,0,0,0,0,0,0,1,4,9,9,16,26,40,54,57,51,51,54,52,24,8,6,6
TUR,bursa,"20260104","1",2,0,0,0,0,0,0,0,0,0,0,0,5,12,21,28,30,30,25,20,10,5,4,2
TUR,bursa,"20260105","2",0,0,0,0,0,0,7,26,48,44,22,21,22,32,46,49,51,67,85,79,24,6,3,2
TUR,bursa,"20260106","3",0,0,0,0,0,0,0,24,48,44,25,20,23,31,39,42,48,66,82,77,25,8,5,4
TUR,bursa,"20260107","4",0,0,0,0,0,0,2,30,55,51,24,24,26,27,37,41,48,62,82,77,32,7,5,4
TUR,bursa,"20260108","5",0,0,0,0,0,0,0,34,69,64,32,36,40,35,42,42,35,50,59,53,23,11,6,3
TUR,bursa,"20260109","6",0,0,0,0,0,0,1,29,44,40,19,19,20,18,48,53,59,78,97,92,46,12,6,6
TUR,bursa,"20260110","7",1,0,0,0,0,0,0,1,3,11,16,19,33,43,59,65,57,61,62,45,16,11,12,16
TUR,bursa,"20260111","1",16,11,0,0,0,0,0,0,0,0,0,3,14,15,34,44,42,40,39,33,17,12,8,5
TUR,bursa,"20260112","2",0,0,0,0,0,0,2,37,59,56,31,22,24,32,44,50,54,64,73,72,26,5,6,6
TUR,bursa,"20260113","3",0,0,0,0,1,1,15,34,46,42,24,20,25,29,35,36,41,50,62,55,19,8,4,4
TUR,bursa,"20260114","4",0,0,0,0,0,0,2,23,39,36,20,20,20,29,40,43,49,65,74,68,21,7,5,4
TUR,bursa,"20260115","5",0,0,0,0,0,0,0,24,37,32,25,20,24,32,45,52,56,76,82,78,44,17,9,8
TUR,bursa,"20260116","6",0,0,0,0,0,0,0,22,31,29,33,51,56,52,68,69,57,72,85,82,53,18,18,17
TUR,bursa,"20260117","7",13,0,0,0,0,0,0,3,16,20,16,19,36,59,79,83,80,87,80,73,48,23,12,11
TUR,bursa,"20260118","1",7,0,0,0,0,0,0,0,0,0,0,3,12,20,31,47,46,55,56,38,17,12,13,13
TUR,bursa,"20260119","2",1,0,0,0,0,0,1,24,29,24,18,19,24,36,54,57,54,72,87,81,27,8,6,5
TUR,bursa,"20260120","3",0,0,0,0,0,0,0,19,20,19,20,21,24,35,48,50,53,66,88,89,54,9,6,5
TUR,bursa,"20260121","4",0,0,0,0,0,0,0,17,21,18,23,25,29,35,49,49,48,70,92,89,34,9,3,4
TUR,bursa,"20260122","5",0,0,0,0,0,0,0,23,25,22,25,35,34,37,52,53,48,63,82,80,34,9,9,13
TUR,bursa,"20260123","6",3,0,0,0,0,0,0,19,23,19,24,27,27,25,54,72,81,97,112,109,65,20,12,10
TUR,bursa,"20260124","7",8,1,0,0,0,0,0,4,7,8,13,23,42,63,96,98,92,94,84,112,106,35,27,27
TUR,bursa,"20260125","1",20,10,0,0,0,0,0,0,0,0,2,6,15,25,41,59,63,60,59,50,29,14,16,10
TUR,bursa,"20260126","2",0,0,0,0,0,0,3,14,22,20,19,22,26,34,55,55,52,69,86,84,45,17,14,9
TUR,bursa,"20260127","3",1,0,0,0,0,0,0,13,21,19,20,24,27,35,50,49,49,74,97,94,43,15,7,6
TUR,bursa,"20260128","4",0,0,0,0,0,0,0,19,29,30,26,27,28,34,53,53,56,80,100,101,55,16,7,7
TUR,bursa,"20260129","5",0,0,0,0,0,0,0,15,18,16,17,19,25,35,59,63,52,61,81,77,30,17,16,13
TUR,bursa,"20260130","6",6,0,0,0,0,0,3,28,34,32,23,26,32,32,61,73,71,83,102,97,71,21,10,9
TUR,bursa,"20260131","7",1,0,0,0,0,0,0,4,6,8,14,17,28,66,89,89,84,97,95,83,56,23,19,17
TUR,bursa,"20260201","1",10,3,0,0,0,0,0,0,0,0,0,3,9,17,32,45,49,48,50,71,66,24,18,9
TUR,bursa,"20260202","2",0,0,0,0,0,0,0,30,67,64,36,27,31,37,53,58,61,81,91,84,31,14,18,11
TUR,bursa,"20260203","3",2,0,0,0,0,0,0,27,51,48,22,18,20,26,36,42,53,61,66,59,22,9,5,4
TUR,bursa,"20260204","4",0,0,0,0,0,0,0,17,48,48,22,17,23,30,42,43,53,69,83,81,46,9,5,5
TUR,bursa,"20260205","5",0,0,0,0,0,0,3,25,50,47,25,22,24,31,44,53,64,82,90,82,35,9,6,7
TUR,bursa,"20260206","6",1,0,0,0,0,0,3,30,50,46,24,18,22,22,47,58,65,80,89,87,50,17,13,12
TUR,bursa,"20260207","7",5,2,0,0,0,0,0,5,9,12,16,22,39,59,80,84,96,116,111,90,63,41,21,18
TUR,bursa,"20260208","1",14,4,0,0,0,0,0,0,0,0,0,4,16,27,46,53,54,53,41,31,27,12,9,7
TUR,bursa,"20260209","2",0,0,0,0,0,0,0,20,48,46,24,17,20,27,42,46,56,66,76,73,23,6,4,3
TUR,bursa,"20260210","3",0,0,0,0,0,0,0,25,48,46,27,22,33,41,54,57,70,88,104,95,45,12,7,4
TUR,bursa,"20260211","4",0,0,0,0,0,0,0,25,48,46,24,20,25,28,40,44,53,69,80,77,36,12,6,4
TUR,bursa,"20260212","5",0,0,0,0,0,0,1,30,53,48,27,23,22,32,42,43,52,71,80,77,46,12,8,8
TUR,bursa,"20260213","6",2,0,0,0,0,0,1,21,45,41,25,19,25,25,44,52,61,82,96,93,62,24,12,10
TUR,bursa,"20260214","7",5,0,0,0,0,0,2,8,9,18,21,29,46,70,90,96,97,103,100,95,90,49,26,24
TUR,bursa,"20260215","1",16,5,0,0,0,0,0,0,0,0,2,7,17,43,68,89,95,82,54,79,81,41,16,13
TUR,bursa,"20260216","2",0,0,0,0,0,0,3,22,61,57,36,31,27,35,49,52,57,75,86,82,43,16,6,5
TUR,bursa,"20260217","3",0,0,0,0,0,0,2,27,54,52,31,27,33,36,44,47,53,74,93,86,35,10,11,11
TUR,bursa,"20260218","4",7,0,0,0,0,0,0,28,60,59,33,34,38,41,61,66,75,101,112,109,65,19,8,4
TUR,bursa,"20260219","5",0,0,0,0,0,0,1,18,38,33,14,12,17,19,30,48,56,82,100,74,5,3,4,3
TUR,bursa,"20260220","6",0,0,0,0,0,0,0,19,32,30,14,14,15,15,43,47,59,85,96,32,12,10,9,7
TUR,bursa,"20260221","7",0,0,0,0,0,0,0,2,0,5,9,11,26,34,55,58,55,44,45,13,18,17,33,36
TUR,bursa,"20260222","1",34,10,0,0,0,0,0,0,0,0,0,0,4,10,24,32,29,20,21,0,8,7,11,9
TUR,bursa,"20260223","2",0,0,0,0,0,0,0,13,32,40,15,14,18,22,39,44,58,83,100,79,9,6,6,5
TUR,bursa,"20260224","3",0,0,0,0,0,0,0,15,32,28,13,13,16,22,33,38,51,78,89,26,12,10,11,9
TUR,bursa,"20260225","4",5,0,0,0,0,0,2,17,52,46,18,15,17,23,35,39,52,69,82,25,11,8,8,5
TUR,bursa,"20260226","5",0,0,0,0,0,0,4,17,52,52,34,25,19,24,33,36,44,64,78,21,13,10,7,5
TUR,bursa,"20260227","6",0,0,0,0,0,0,0,10,27,23,12,17,17,17,44,53,60,83,97,74,16,11,18,18
TUR,bursa,"20260228","7",10,0,0,0,0,0,0,1,0,3,6,14,31,40,62,65,57,81,90,23,13,12,22,25
TUR,bursa,"20260301","1",21,6,0,0,0,0,0,0,0,1,0,0,4,22,30,32,35,34,42,21,15,17,29,29
TUR,bursa,"20260302","2",6,0,0,0,0,0,0,11,38,37,29,17,20,27,47,48,57,81,90,38,11,8,8,7
TUR,bursa,"20260303","3",0,0,0,0,0,0,0,10,30,28,18,19,19,24,35,40,52,76,89,36,16,13,10,9
TUR,bursa,"20260304","4",1,0,0,0,0,0,0,10,30,28,12,15,18,24,37,41,52,72,90,44,19,17,14,10
TUR,bursa,"20260305","5",1,0,0,0,0,0,0,14,31,29,14,14,17,21,35,37,48,68,84,36,18,17,13,11
TUR,bursa,"20260306","6",2,0,0,0,0,0,0,14,24,29,13,15,16,16,46,53,60,81,101,61,24,22,19,19
TUR,bursa,"20260307","7",9,0,0,0,0,0,0,1,2,4,8,15,31,44,62,70,68,71,86,37,16,15,39,44
TUR,bursa,"20260308","1",35,9,0,0,0,0,0,0,0,0,0,0,6,16,31,35,41,44,53,38,13,14,28,29
TUR,bursa,"20260309","2",11,0,0,0,0,0,0,14,52,49,24,19,23,26,50,51,60,82,92,79,12,10,10,9
TUR,bursa,"20260310","3",0,0,0,0,0,0,0,18,44,42,25,30,36,30,42,45,53,72,93,53,16,9,8,11
TUR,bursa,"20260311","4",2,0,0,0,0,0,0,9,43,40,21,19,24,28,40,54,62,81,96,56,19,18,15,13
TUR,bursa,"20260312","5",4,0,0,0,0,0,0,9,35,31,13,18,21,28,39,43,53,69,85,53,20,19,13,12
TUR,bursa,"20260313","6",3,0,0,0,0,0,0,9,27,24,14,16,18,18,42,48,63,78,96,68,22,22,17,16
TUR,bursa,"20260314","7",7,0,0,0,0,0,0,1,2,6,12,20,36,48,66,76,74,72,70,41,23,24,26,30
TUR,bursa,"20260315","1",24,6,0,0,0,0,0,0,0,0,0,0,6,15,37,45,50,43,41,16,16,17,25,28
TUR,bursa,"20260316","2",14,0,0,0,0,0,0,9,12,17,22,24,33,41,57,59,67,83,91,64,26,28,28,26
TUR,bursa,"20260317","3",14,0,0,0,0,0,0,8,12,12,18,24,29,43,54,57,63,81,97,66,31,29,25,21
TUR,bursa,"20260318","4",5,0,0,0,0,0,1,11,12,11,22,32,36,43,59,70,79,92,100,67,29,33,29,21
TUR,bursa,"20260319","5",6,4,0,0,0,0,0,2,5,11,23,29,52,72,79,79,74,55,31,20,32,34,29,24
TUR,bursa,"20260320","6",16,3,0,0,0,0,0,0,2,7,12,7,18,21,66,84,86,80,67,55,39,37,37,32
TUR,bursa,"20260321","7",11,0,0,0,0,0,0,0,0,0,0,4,17,35,77,104,110,104,87,67,49,34,24,23
TUR,bursa,"20260322","1",18,4,0,0,0,0,0,0,0,0,0,2,11,19,43,55,62,59,55,44,28,20,14,12
TUR,bursa,"20260323","2",1,0,0,0,0,0,0,14,38,35,13,12,22,28,35,38,44,50,55,43,17,10,4,2
TUR,bursa,"20260324","3",0,0,0,0,0,0,0,14,39,37,25,17,18,28,37,38,40,60,68,55,13,22,14,4
TUR,bursa,"20260325","4",0,0,0,0,0,0,0,21,39,41,24,16,19,26,36,38,49,58,58,50,19,8,5,4
TUR,bursa,"20260326","5",0,0,0,0,0,0,0,18,40,37,21,17,23,31,37,37,40,53,62,56,21,4,6,5
TUR,bursa,"20260327","6",0,0,0,0,0,0,0,19,38,35,18,16,17,17,38,46,50,57,61,54,22,11,8,11
TUR,bursa,"20260328","7",10,2,0,0,0,0,0,11,6,12,12,23,41,59,71,71,66,66,59,43,35,19,19,17
TUR,bursa,"20260329","1",13,5,0,0,0,0,0,0,0,0,0,0,5,14,24,44,47,45,34,26,21,16,20,17
TUR,bursa,"20260330","2",4,0,0,0,0,0,4,31,69,69,38,33,25,37,43,44,53,59,55,48,20,6,3,2
TUR,bursa,"20260331","3",0,0,0,0,0,0,0,19,42,40,25,26,29,33,38,41,44,50,63,59,29,17,10,6
TUR,bursa,"20260401","4",3,0,0,0,0,0,0,22,47,45,26,18,25,28,37,38,41,51,65,61,38,12,11,9
TUR,bursa,"20260402","5",2,0,0,0,0,0,0,18,39,38,18,14,24,34,40,39,38,48,59,49,16,11,7,6
TUR,bursa,"20260403","6",1,0,0,0,0,0,0,12,52,51,27,20,21,22,39,44,62,75,68,65,46,24,20,12
TUR,bursa,"20260404","7",7,1,0,0,0,0,1,5,15,23,18,28,40,65,90,93,70,61,88,87,54,25,17,16
TUR,bursa,"20260405","1",10,0,0,0,0,0,0,0,0,0,0,1,8,19,42,46,40,36,34,29,18,11,12,11
TUR,bursa,"20260406","2",0,0,0,0,0,0,0,28,64,59,31,20,22,30,45,44,49,58,63,53,17,9,5,4
TUR,bursa,"20260407","3",0,0,0,0,0,0,0,25,55,52,26,21,24,31,40,39,43,55,64,59,19,16,10,6
TUR,bursa,"20260408","4",0,0,0,0,0,0,1,21,66,69,28,16,22,28,35,39,43,51,58,52,17,7,9,7
TUR,bursa,"20260409","5",0,0,0,0,0,0,0,25,52,50,31,27,27,29,40,42,41,46,53,45,16,10,8,6
TUR,bursa,"20260410","6",0,0,0,0,0,0,0,19,37,34,22,22,22,22,44,53,66,83,85,67,29,17,8,7
TUR,bursa,"20260411","7",3,0,0,0,0,0,0,0,6,10,11,23,39,57,72,77,71,70,69,51,43,24,20,15
TUR,bursa,"20260412","1",11,1,0,0,0,0,0,0,0,0,0,3,11,19,45,47,44,37,29,30,24,15,12,13
TUR,bursa,"20260413","2",0,0,0,0,0,0,0,23,48,50,32,20,24,29,36,37,43,50,63,55,21,7,5,4
TUR,bursa,"20260414","3",0,0,0,0,0,0,0,20,47,48,29,20,21,28,36,39,39,53,59,56,20,10,6,5
TUR,bursa,"20260415","4",0,0,0,0,0,0,0,19,35,34,22,23,27,33,37,38,41,51,57,52,25,12,7,6
TUR,bursa,"20260416","5",0,0,0,0,0,0,0,20,30,28,19,19,22,28,37,38,39,45,54,47,19,11,8,7
TUR,bursa,"20260417","6",0,0,0,0,0,0,1,13,26,23,18,19,21,22,47,57,56,57,62,57,31,15,10,10
TUR,bursa,"20260418","7",6,1,0,0,0,0,0,4,8,16,18,23,31,55,72,72,63,57,54,43,39,21,20,23
TUR,bursa,"20260419","1",16,1,0,0,0,0,0,0,0,0,0,7,18,46,53,46,34,74,86,48,22,15,14,12
TUR,bursa,"20260420","2",0,0,0,0,0,0,0,28,58,57,31,23,22,30,40,40,44,58,71,62,27,9,10,5
TUR,bursa,"20260421","3",0,0,0,0,0,0,0,23,45,45,30,23,26,29,37,41,44,74,93,83,41,16,7,6
TUR,bursa,"20260422","4",0,0,0,0,0,0,0,27,47,45,22,23,34,44,60,61,60,62,64,55,22,10,6,6
TUR,bursa,"20260423","5",1,0,0,0,0,0,0,1,3,6,10,12,23,46,56,61,58,45,41,38,28,18,10,9
TUR,bursa,"20260424","6",0,0,0,0,0,0,0,14,34,32,24,25,27,26,50,56,61,79,92,82,43,23,12,9
TUR,bursa,"20260425","7",5,0,0,0,0,0,0,0,8,12,18,25,36,56,70,73,63,61,58,50,38,27,23,20
TUR,bursa,"20260426","1",15,8,0,0,0,0,0,0,0,3,4,11,23,32,49,52,50,32,37,38,30,18,19,14
TUR,bursa,"20260427","2",2,0,0,0,0,0,0,24,45,43,27,19,22,28,39,39,44,59,78,72,20,7,6,4
TUR,bursa,"20260428","3",0,0,0,0,0,0,0,27,50,48,28,25,26,32,38,40,46,54,65,55,17,9,7,6
TUR,bursa,"20260429","4",0,0,0,0,0,0,1,26,47,45,32,24,25,30,36,39,43,53,62,56,23,13,8,9
TUR,bursa,"20260430","5",1,0,0,0,0,0,0,23,44,43,28,24,28,36,41,43,48,58,70,68,41,21,12,9
TUR,bursa,"20260501","6",4,1,0,0,0,0,0,3,4,10,20,26,35,37,67,77,73,54,48,39,33,17,11,12
TUR,bursa,"20260502","7",3,0,0,0,0,0,0,0,2,7,14,24,41,60,70,82,82,74,62,50,39,21,18,17
TUR,bursa,"20260503","1",11,1,0,0,0,0,0,0,0,0,0,4,10,15,33,33,32,29,27,21,18,14,15,12
TUR,bursa,"20260504","2",3,0,0,0,0,0,0,28,50,48,23,20,20,27,38,41,50,58,58,47,11,5,4,2
TUR,bursa,"20260505","3",0,0,0,0,0,0,0,20,38,38,23,21,23,28,36,37,40,51,59,53,22,18,11,8
TUR,bursa,"20260506","4",1,0,0,0,0,0,0,22,42,41,26,21,30,33,40,41,46,55,64,60,24,12,9,7
TUR,bursa,"20260507","5",0,0,0,0,0,0,0,23,44,43,26,21,27,34,41,40,44,52,58,52,21,13,10,8
TUR,bursa,"20260508","6",2,0,0,0,0,0,0,20,39,37,23,22,23,20,46,50,54,61,66,61,32,21,14,11
TUR,bursa,"20260509","7",7,0,0,0,0,0,0,6,26,31,26,27,41,62,74,77,68,63,52,44,35,17,38,42
TUR,bursa,"20260510","1",36,14,0,0,0,0,0,0,0,0,9,11,26,33,55,62,64,53,40,32,31,32,38,39
TUR,bursa,"20260511","2",18,0,0,0,0,0,0,23,45,44,28,23,31,35,44,44,47,52,57,52,14,11,7,6
TUR,bursa,"20260512","3",0,0,0,0,0,0,0,23,46,51,34,24,35,36,42,42,45,56,63,57,19,12,9,8
TUR,bursa,"20260513","4",6,0,0,0,0,0,2,26,55,55,41,27,26,28,38,39,42,49,57,55,22,13,8,8
TUR,bursa,"20260514","5",2,0,0,0,0,0,0,22,46,46,32,26,25,31,46,48,50,56,59,54,29,13,8,7
TUR,bursa,"20260515","6",2,0,0,0,0,0,0,25,45,43,27,25,33,26,43,47,56,68,92,100,73,54,24,20
TUR,bursa,"20260516","7",19,0,0,0,0,0,0,2,8,17,22,26,40,58,73,74,65,63,63,70,66,38,29,21
TUR,bursa,"20260517","1",15,11,0,0,0,0,0,0,0,6,6,3,10,17,42,41,34,31,32,26,24,21,28,30
TUR,bursa,"20260518","2",10,0,0,0,0,0,0,14,38,37,25,23,27,37,51,56,59,64,69,62,20,15,10,8
TUR,bursa,"20260519","3",5,0,0,0,0,0,0,0,2,7,18,22,30,40,51,52,46,48,53,51,46,46,31,31
TUR,bursa,"20260520","4",21,0,0,0,0,0,1,24,70,72,46,30,36,47,56,59,72,80,80,66,31,11,13,10
TUR,bursa,"20260521","5",2,0,0,0,0,0,0,25,57,58,35,27,26,38,47,46,48,57,60,51,20,13,11,10
TUR,bursa,"20260522","6",2,0,0,0,0,0,1,20,39,37,31,27,30,25,56,71,77,87,91,85,44,27,15,14
TUR,bursa,"20260523","7",8,0,0,0,0,0,0,2,12,16,17,24,39,54,70,74,76,74,62,48,36,27,29,24
TUR,bursa,"20260524","1",10,0,0,0,0,0,0,0,0,0,0,5,10,17,32,38,38,31,23,20,19,15,12,12
TUR,bursa,"20260525","2",0,0,0,0,0,0,0,0,3,7,16,27,35,51,71,75,73,58,50,37,22,14,12,10
TUR,bursa,"20260526","3",5,0,0,0,0,0,0,0,0,5,7,15,23,29,34,34,30,27,22,17,12,10,12,11
TUR,bursa,"20260527","4",6,0,0,0,0,0,0,0,0,0,2,2,4,9,14,16,16,14,14,15,13,18,21,17
TUR,bursa,"20260528","5",13,0,0,0,0,0,0,0,0,0,0,3,10,21,40,49,49,45,33,29,38,42,33,18
TUR,bursa,"20260529","6",11,5,0,0,0,0,0,0,0,0,2,13,32,31,62,85,86,77,58,42,29,25,18,13
TUR,bursa,"20260530","7",9,0,0,0,0,0,0,0,0,0,1,8,13,26,52,53,50,39,33,31,25,22,23,17
TUR,bursa,"20260531","1",7,0,0,0,0,0,0,0,0,0,0,0,5,9,13,15,16,15,14,15,15,11,10,8
TUR,bursa,"20260601","2",1,0,0,0,0,0,0,24,45,42,22,17,19,26,38,39,45,53,57,48,12,8,6,6
TUR,bursa,"20260602","3",0,0,0,0,0,0,0,23,43,43,27,21,25,27,37,39,45,53,58,54,19,11,9,7
TUR,bursa,"20260603","4",4,0,0,0,0,0,0,14,44,42,28,23,26,29,37,39,48,57,62,61,26,15,11,10
TUR,bursa,"20260604","5",7,0,0,0,0,0,0,25,51,49,29,24,27,30,36,40,45,51,64,59,19,13,12,11
TUR,bursa,"20260605","6",7,0,0,0,0,0,0,23,42,40,26,24,31,29,45,61,70,77,78,72,41,23,16,16
TUR,bursa,"20260606","7",21,3,0,0,0,0,0,0,5,16,19,24,35,51,69,71,61,62,51,43,41,31,28,30
TUR,bursa,"20260607","1",29,12,0,0,0,0,0,0,0,0,0,5,12,17,23,22,22,19,20,21,20,18,24,20
TUR,bursa,"20260608","2",11,0,0,0,0,0,0,26,47,43,25,20,23,28,37,39,46,55,71,71,36,11,8,8
TUR,bursa,"20260609","3",4,0,0,0,0,0,0,21,38,39,27,23,23,29,37,38,44,50,58,53,20,11,11,10
TUR,bursa,"20260610","4",4,0,0,0,0,0,0,22,40,40,26,27,25,29,40,42,46,56,64,62,23,12,13,10
TUR,bursa,"20260611","5",6,0,0,0,0,0,0,22,36,34,24,22,21,26,35,37,42,52,64,60,24,13,13,11
TUR,bursa,"20260612","6",9,0,0,0,0,0,0,20,23,20,19,22,23,21,41,42,42,58,75,74,43,23,20,18
TUR,bursa,"20260613","7",16,1,0,0,0,0,0,1,12,11,14,19,33,60,62,61,54,49,42,34,30,16,20,19
TUR,bursa,"20260614","1",15,10,0,0,0,0,0,0,0,2,1,3,10,14,20,22,29,24,23,22,20,21,28,24
TUR,bursa,"20260615","2",8,0,0,0,0,0,0,23,40,38,22,22,26,30,42,45,47,61,69,63,33,12,10,9
TUR,bursa,"20260616","3",3,0,0,0,0,0,0,21,36,34,28,23,29,35,37,37,42,49,57,53,17,11,12,12
TUR,bursa,"20260617","4",5,0,0,0,0,0,1,16,33,32,26,23,25,29,39,40,40,46,56,51,24,12,12,14
TUR,bursa,"20260618","5",8,0,0,0,0,0,0,18,27,25,22,23,24,27,43,42,40,50,60,57,21,14,18,16
TUR,bursa,"20260619","6",7,0,0,0,0,0,0,20,29,27,21,23,26,20,42,54,60,65,73,69,36,19,15,14
TUR,bursa,"20260620","7",6,1,0,0,0,0,0,0,19,24,18,15,30,68,65,64,65,51,46,39,32,21,28,25
TUR,bursa,"20260621","1",26,12,0,0,0,0,0,0,0,4,2,3,14,29,29,28,25,23,31,29,25,23,31,27
TUR,bursa,"20260622","2",11,0,0,0,0,0,0,16,31,28,24,25,28,32,42,42,44,52,62,58,17,12,12,16
TUR,bursa,"20260623","3",5,0,0,0,0,0,0,22,36,34,25,25,26,30,41,45,40,44,58,58,26,11,14,12
TUR,bursa,"20260624","4",7,0,0,0,0,0,0,16,29,29,23,21,23,24,36,38,37,51,67,68,44,16,13,15
TUR,bursa,"20260625","5",15,4,0,0,0,0,0,14,27,27,26,22,23,24,34,38,37,48,65,65,35,15,16,15
TUR,bursa,"20260626","6",9,0,0,0,0,0,0,16,26,27,25,30,33,31,40,55,59,68,78,81,61,43,25,26
TUR,bursa,"20260627","7",19,9,0,0,0,0,0,4,5,12,16,23,29,34,43,49,50,52,40,36,43,38,33,36
TUR,bursa,"20260628","1",34,16,0,0,0,0,0,0,0,0,0,1,6,9,13,17,17,17,21,24,22,21,30,30
TUR,bursa,"20260629","2",19,0,0,0,0,0,0,17,24,23,20,20,22,24,35,36,35,42,54,53,24,10,11,11
TUR,bursa,"20260630","3",6,0,0,0,0,0,0,13,21,21,18,18,21,19,31,32,35,39,53,52,28,18,13,12
TUR,bursa,"20260701","4",9,0,0,0,0,0,0,15,21,21,18,19,24,27,32,32,32,41,60,55,33,29,17,15
TUR,bursa,"20260702","5",7,0,0,0,0,0,0,13,22,20,16,17,19,20,29,32,34,43,60,58,35,18,18,21
TUR,bursa,"20260703","6",14,1,0,0,0,0,0,15,25,24,17,22,22,18,36,43,41,54,71,74,52,39,23,22
TUR,bursa,"20260704","7",21,6,0,0,0,0,0,0,3,8,12,15,21,33,60,65,49,46,42,37,38,29,24,25
TUR,bursa,"20260705","1",24,9,0,0,0,0,0,0,0,0,0,2,5,9,14,18,19,20,19,22,21,24,32,32
TUR,bursa,"20260706","2",21,0,0,0,0,0,0,16,28,24,27,26,24,23,38,40,38,50,63,64,33,12,11,10
TUR,bursa,"20260707","3",5,0,0,0,0,0,0,14,23,23,21,21,20,23,34,34,34,44,75,77,37,12,12,12
TUR,bursa,"20260708","4",12,0,0,0,0,0,0,20,27,25,20,18,23,22,35,36,33,46,61,56,29,17,13,12
TUR,bursa,"20260709","5",7,0,0,0,0,0,0,13,19,19,17,17,21,21,34,38,48,66,67,63,27,12,12,12
TUR,bursa,"20260710","6",7,0,0,0,0,0,0,14,19,19,19,20,21,19,35,47,52,62,78,81,66,46,21,20
TUR,bursa,"20260711","7",15,3,0,0,0,0,0,1,3,10,14,16,23,28,47,47,47,47,44,35,34,25,24,24
TUR,bursa,"20260712","1",21,8,0,0,0,0,0,0,0,0,0,0,3,7,14,15,17,15,17,21,22,18,24,24
TUR,bursa,"20260713","2",15,1,0,0,0,0,0,14,22,20,18,20,20,22,33,36,34,41,56,56,25,10,14,13
TUR,bursa,"20260714","3",4,0,0,0,0,0,0,31,35,31,23,25,22,22,36,38,38,46,65,70,45,19,11,9
TUR,bursa,"20260715","4",7,0,0,0,0,0,0,0,0,4,7,11,13,19,29,32,29,30,31,40,41,27,16,13
TUR,bursa,"20260716","5",9,0,0,0,0,0,0,12,17,16,19,21,19,21,34,37,37,40,51,53,25,13,13,13
TUR,bursa,"20260717","6",13,0,0,0,0,0,0,15,18,16,20,20,18,18,35,40,40,49,60,60,36,27,16,14
TUR,bursa,"20260718","7",13,1,0,0,0,0,0,8,6,9,12,15,22,28,39,45,40,41,35,32,31,22,21,19
TUR,bursa,"20260719","1",19,7,0,0,0,0,0,0,0,0,0,2,4,7,13,14,16,15,18,19,21,19,22,20
TUR,bursa,"20260720","2",17,0,0,0,0,0,3,15,23,22,19,19,20,26,37,37,36,44,58,58,23,11,10,10
TUR,bursa,"20260721","3",6,0,0,0,0,0,0,13,18,17,17,19,18,19,29,29,30,39,54,55,27,13,14,11
TUR,bursa,"20260722","4",6,0,0,0,0,0,0,14,22,23,17,17,18,20,27,29,27,45,59,60,33,25,13,14
TUR,bursa,"20260723","5",11,4,0,0,0,0,0,11,17,17,17,17,19,20,34,35,31,42,58,59,33,16,13,13
TUR,bursa,"20260724","6",7,0,0,0,0,0,0,13,18,17,15,22,21,17,34,43,46,50,61,64,48,27,15,16
TUR,bursa,"20260725","7",12,1,0,0,0,0,1,5,3,7,16,23,27,25,57,62,59,52,49,31,23,17,23,24
TUR,bursa,"20260726","1",16,5,0,0,0,0,0,0,0,0,0,0,7,11,21,21,26,26,29,26,23,37,42,33
TUR,bursa,"20260727","2",21,0,0,0,0,0,2,13,19,17,18,18,19,23,39,43,39,44,57,57,27,11,9,9
TUR,bursa,"20260728","3",4,0,0,0,0,0,0,6,0,0,0,0,0,0,0,0,0,0,0,0,0,0,0,0
